brand,phonename,cpu,charging,waterproof,screen,characteristic,phonehref,img_url
['一加'],['一加Ace 2 Pro'],['骁龙8 Gen2'],['120-150W'],['IPX4'],['OLED曲面屏'],['屏幕指纹，屏幕高刷新率，光学防抖拍照'],https://item.jd.com/100060368518.html?cu=true&utm_source=kong&utm_medium=tuiguang&utm_campaign=t_1000762869_&utm_term=9f2903f559b0422f9cfcc226d724b621,https://img13.360buyimg.com/n1/s450x450_jfs/t1/206054/18/36509/78792/6539e952F53ca363b/f80846d3baef37f1.jpg
['vivo'],['iQOO 11S'],['骁龙8 Gen2'],['151-200W'],['生活防水'],['OLED直屏'],['E6材质，屏幕指纹，屏幕高刷新率，NFC'],https://item.jd.com/100055626080.html?cu=true&utm_source=kong&utm_medium=tuiguang&utm_campaign=t_1000762869_&utm_term=0baf7360c6524de798acff7ee18f3dfe,https://img10.360buyimg.com/n1/s450x450_jfs/t1/114413/19/42450/104973/65351d12F2eff9076/c1a4abdf016fd795.jpg
['努比亚（nubia）'],['红魔8S Pro'],['骁龙8 Gen2 领先版'],['80-119W'],['生活防水'],['OLED直屏'],['屏幕高刷新率'],https://item.jd.com/100061689359.html?cu=true&utm_source=kong&utm_medium=tuiguang&utm_campaign=t_1000762869_&utm_term=07653cdf5fd5420d83977fc4d31de4e9,https://img14.360buyimg.com/n1/s450x450_jfs/t1/226650/24/693/103366/6535c0e3F746337b9/e639f719a83731f2.jpg
['vivo'],['iQOO 11 Pro'],['骁龙8 Gen2'],['151-200W'],['不支持防水'],['OLED曲面屏'],未知,https://item.jd.com/100048172505.html?cu=true&utm_source=kong&utm_medium=tuiguang&utm_campaign=t_1000762869_&utm_term=224ed9472172492dbbc2a8bd724ebeaa,https://img10.360buyimg.com/n1/s450x450_jfs/t1/177673/39/40683/76925/6536319bF518e0feb/b4d909c9277322dd.jpg
['vivo'],['vivo X90 Pro+'],['骁龙8 Gen2'],['80-119W'],['IP68'],['OLED曲面屏'],未知,https://item.jd.com/10066163292555.html?cu=true&utm_source=kong&utm_medium=tuiguang&utm_campaign=t_1000762869_&utm_term=35a555682667495b94209554b3981154,https://img10.360buyimg.com/n1/s450x450_jfs/t1/194495/23/40561/105743/653795a2F52022700/716364ddf70e6933.jpg
['真我（realme）'],['realme GT5'],['骁龙8 Gen2'],['240W'],['生活防水'],['OLED直屏'],未知,https://item.jd.com/100065762621.html?cu=true&utm_source=kong&utm_medium=tuiguang&utm_campaign=t_1000762869_&utm_term=3687412abfce40bb80b501bdbfc27f3a,https://img11.360buyimg.com/n1/s450x450_jfs/t1/228028/22/563/54638/6532af4cFf55e3537/f033fb6d754df169.jpg
['OPPO'],['OPPO Find X6 Pro'],['骁龙8 Gen2'],['80-119W'],['IP68'],['OLED曲面屏'],['LTPO屏幕，E6材质，屏幕指纹，屏幕高刷新率，光学防抖拍照，高倍率变焦，潜望式长焦，防水防尘，无线充电，NFC，红外遥控'],https://item.jd.com/100054574041.html?cu=true&utm_source=kong&utm_medium=tuiguang&utm_campaign=t_1000762869_&utm_term=95c24bc88d31416f88caa6ca5627c94c,https://img11.360buyimg.com/n1/s450x450_jfs/t1/189039/6/40696/73945/653650e0Fc7003bbf/eb9f869d8e595deb.jpg
['一加'],['一加手机11'],['骁龙8 Gen2'],['80-119W'],['IPX4'],['OLED曲面屏'],['屏幕指纹，屏幕高刷新率，NFC'],https://item.jd.com/100040195622.html?cu=true&utm_source=kong&utm_medium=tuiguang&utm_campaign=t_1000762869_&utm_term=f5e3c43e53914260aa77b3ebb2f5122b,https://img12.360buyimg.com/n1/s450x450_jfs/t1/113213/21/45444/60957/65354937Fb6bace10/705c71e07276a066.jpg
['小米（MI）'],['小米13 Ultra'],['骁龙8 Gen2'],['80-119W'],['IP68'],['OLED曲面屏'],未知,https://item.jd.com/100056974405.html?cu=true&utm_source=kong&utm_medium=tuiguang&utm_campaign=t_1000762869_&utm_term=c51759de247141d094fa1742c6199506,https://img10.360buyimg.com/n1/s450x450_jfs/t1/78873/16/25462/106471/6530b794Fa694582d/f1481cf9ffce746e.jpg
['vivo'],['iQOO Neo8 Pro'],['天玑9200+'],['120-150W'],['IP53'],['OLED直屏'],['屏幕指纹，屏幕高刷新率，光学防抖拍照，NFC'],https://item.jd.com/100051092840.html?cu=true&utm_source=kong&utm_medium=tuiguang&utm_campaign=t_1000762869_&utm_term=76451e08e3594a6c80d13d23a8a73f7c,https://img10.360buyimg.com/n1/s450x450_jfs/t1/236925/20/585/77231/65379955F334c5de0/2d8207fa9a976fa5.jpg
['小米（MI）'],['小米13'],['骁龙8 Gen2'],['50-79W'],['IP68'],['OLED直屏'],未知,https://item.jd.com/100049486743.html?cu=true&utm_source=kong&utm_medium=tuiguang&utm_campaign=t_1000762869_&utm_term=5c7389d05a804db0959bb513460c5b1f,https://img13.360buyimg.com/n1/s450x450_jfs/t1/102740/9/37262/80065/6530ab8eF8102a676/b15380d47c841abd.jpg
['小米（MI）'],['Redmi K60 Pro'],['骁龙8 Gen2'],['120-150W'],['IP53'],['OLED直屏'],未知,https://item.jd.com/100041239042.html?cu=true&utm_source=kong&utm_medium=tuiguang&utm_campaign=t_1000762869_&utm_term=bbf450741d1247779068206b8645a95c,https://img12.360buyimg.com/n1/s450x450_jfs/t1/216803/15/32521/58141/648eeff0F7c282c31/d831d8b9818c96b1.jpg
['vivo'],['vivo X90s'],['天玑9200+'],['120-150W'],['不支持防水'],['未上市'],未知,https://item.jd.com/100064056488.html?cu=true&utm_source=kong&utm_medium=tuiguang&utm_campaign=t_1000762869_&utm_term=5842ef87cc7547eeb790d72538a815da,https://img13.360buyimg.com/n1/s450x450_jfs/t1/118860/21/41722/107750/6502dc40F4500cf8e/dfabd120fd3fc93d.jpg
['小米（MI）'],['小米MIX Fold 3'],['骁龙8 Gen2 领先版'],['50-79W'],['生活防水'],['OLED折叠屏'],未知,https://item.jd.com/100061802376.html?cu=true&utm_source=kong&utm_medium=tuiguang&utm_campaign=t_1000762869_&utm_term=ed1c2e8cee024c05b15e7c087a1e2942,https://img11.360buyimg.com/n1/s450x450_jfs/t1/225595/23/237/107648/6530d7f5F01fb24f5/46d39de7a5f4b2d5.jpg
['努比亚（nubia）'],['努比亚Z50 Ultra'],['骁龙8 Gen2'],['80-119W'],['生活防水'],['OLED直屏'],未知,https://item.jd.com/100045180344.html?cu=true&utm_source=kong&utm_medium=tuiguang&utm_campaign=t_1000762869_&utm_term=1969035f5acd4b97ab06fc88466499b2,https://img14.360buyimg.com/n1/s450x450_jfs/t1/189370/6/37455/97922/6502aef9F47dd1f45/915d80cb46890cd2.jpg
['努比亚（nubia）'],['努比亚Z50'],['骁龙8 Gen2'],['80-119W'],['生活防水'],['OLED曲面屏'],未知,https://item.jd.com/100040572220.html?cu=true&utm_source=kong&utm_medium=tuiguang&utm_campaign=t_1000762869_&utm_term=3e557472d1a843cdbbefbf2a70ba42bf,https://img10.360buyimg.com/n1/s450x450_jfs/t1/163887/1/38600/48602/6520af4fF0ef978a0/f4816fe1ce39536d.jpg
['小米（MI）'],['小米13 Pro'],['骁龙8 Gen2'],['120-150W'],['IP68'],['OLED曲面屏'],未知,https://item.jd.com/100049486749.html?cu=true&utm_source=kong&utm_medium=tuiguang&utm_campaign=t_1000762869_&utm_term=63d3d0678746418bb37fba90e12d1bee,https://img14.360buyimg.com/n1/s450x450_jfs/t1/101875/16/31999/17274/6395a937E971b313b/f6f90b0c74a6acb7.jpg
['小米（MI）'],['Redmi K60 至尊版'],['天玑9200+'],['120-150W'],['IP68'],['OLED直屏'],['屏幕指纹，高频PWM调光，NFC，红外遥控'],https://item.jd.com/100061869632.html?cu=true&utm_source=kong&utm_medium=tuiguang&utm_campaign=t_1000762869_&utm_term=cac0f0561755407a92cc979b75490456,https://img12.360buyimg.com/n1/s450x450_jfs/t1/226231/26/855/67436/65369bfbF5e78e793/77fddcef28504848.jpg
['三星（SAMSUNG）'],['三星Galaxy S23 Ultra'],['骁龙8 Gen2'],['以官网信息为准'],['IP68'],['OLED曲面屏'],未知,https://item.jd.com/100042368208.html?cu=true&utm_source=kong&utm_medium=tuiguang&utm_campaign=t_1000762869_&utm_term=43c0a74135ea4bb296f4a989b1dd3c40,https://img13.360buyimg.com/n1/s450x450_jfs/t1/236219/19/825/59035/653a8eb9Fcdb5b766/1e7dd972ced548c6.jpg
['vivo'],['vivo X90'],['天玑9200'],['120-150W'],['生活防水'],['OLED曲面屏'],未知,https://item.jd.com/100043413802.html?cu=true&utm_source=kong&utm_medium=tuiguang&utm_campaign=t_1000762869_&utm_term=5356a4fbb8a143448814c4ca704df3df,https://img12.360buyimg.com/n1/s450x450_jfs/t1/163821/22/39474/115821/65186acbF82af2dd7/b60ded683fc184a4.jpg
['OPPO'],['OPPO Find X6'],['天玑9200'],['80-119W'],['IPX4'],['OLED曲面屏'],['屏幕指纹，屏幕高刷新率，光学防抖拍照，高倍率变焦，潜望式长焦，防水防尘，NFC，红外遥控'],https://item.jd.com/100046131136.html?cu=true&utm_source=kong&utm_medium=tuiguang&utm_campaign=t_1000762869_&utm_term=29643571c56d4aa48c3dd5c5fdba2f70,https://img11.360buyimg.com/n1/s450x450_jfs/t1/233594/5/535/67487/65364fe2Ff1bbce60/7504fc13bf4069df.jpg
['三星（SAMSUNG）'],['三星Galaxy S23'],['骁龙8 Gen2'],['以官网信息为准'],['IP68'],['OLED直屏'],未知,https://item.jd.com/100042368194.html?cu=true&utm_source=kong&utm_medium=tuiguang&utm_campaign=t_1000762869_&utm_term=2e0d691cb6bb48fd8786b51977e94dbe,https://img14.360buyimg.com/n1/s450x450_jfs/t1/196705/28/41261/53451/653652fdFdbbe0c13/1e2978eb0efd3ea6.jpg
['三星（SAMSUNG）'],['三星Galaxy Z Fold5'],['骁龙8 Gen2 领先版'],['25W及以下'],['IPX8'],['OLED折叠屏'],未知,https://item.jd.com/100062873921.html?cu=true&utm_source=kong&utm_medium=tuiguang&utm_campaign=t_1000762869_&utm_term=474a3ca1ba4c4382950c6f6af115f17e,https://img11.360buyimg.com/n1/s450x450_jfs/t1/192333/28/40303/72285/65365500F3009e82d/09993feabf887b1b.jpg
['荣耀（HONOR）'],['荣耀Magic5 Pro'],['骁龙8 Gen2'],['50-79W'],['IP68'],['OLED曲面屏'],['LTPO屏幕，屏幕指纹，屏幕高刷新率，光学防抖拍照，高倍率变焦，潜望式长焦，防水防尘，NFC，红外遥控，大底主摄'],https://item.jd.com/100053888577.html?cu=true&utm_source=kong&utm_medium=tuiguang&utm_campaign=t_1000762869_&utm_term=c2ebf912db2643c3a52f70e40430a514,https://img12.360buyimg.com/n1/s450x450_jfs/t1/207697/31/29930/66732/63fc3a82Fc2e3ec9f/35a40a693b34e11d.jpg
['荣耀（HONOR）'],['荣耀Magic5 至臻版'],['骁龙8 Gen2'],['50-79W'],['IP68'],['OLED曲面屏'],['屏幕指纹，屏幕高刷新率，5G，光学防抖拍照，高倍率变焦，潜望式长焦，防水防尘，NFC，红外遥控，大底主摄，VC散热'],https://item.jd.com/100054077501.html?cu=true&utm_source=kong&utm_medium=tuiguang&utm_campaign=t_1000762869_&utm_term=bdabcca1798a41a69e039ae956f41692,https://img11.360buyimg.com/n1/s450x450_jfs/t1/95380/33/36720/54962/6401dd6cF3d665f53/e1e019d060de896a.jpg
['OPPO'],['OPPO Reno10 Pro+ 5G'],['骁龙8+ Gen1'],['80-119W'],['IPX4'],['OLED曲面屏'],未知,https://item.jd.com/100052125032.html?cu=true&utm_source=kong&utm_medium=tuiguang&utm_campaign=t_1000762869_&utm_term=5d8f8e10c01b4e24a91c691cc0a2dec7,https://img12.360buyimg.com/n1/s450x450_jfs/t1/159338/12/40363/76225/6534c0c1F71f3b416/1e47fd846fe99a7b.jpg
['一加'],['一加Ace 2'],['骁龙8+ Gen1'],['80-119W'],['IPX4'],['OLED曲面屏'],['屏幕指纹，屏幕高刷新率，防水防尘，NFC，红外遥控，大底主摄'],https://item.jd.com/100042508892.html?cu=true&utm_source=kong&utm_medium=tuiguang&utm_campaign=t_1000762869_&utm_term=d89bb72ce9424ce4a5edb7621e5034db,https://img12.360buyimg.com/n1/s450x450_jfs/t1/238383/4/593/76498/6539e944Fde6d0ffb/93f9cb872d8d9649.jpg
['vivo'],['iQOO Neo7 竞速版'],['骁龙8+ Gen1'],['120-150W'],['不支持防水'],['OLED直屏'],['屏幕指纹，5G，NFC'],https://item.jd.com/100041077374.html?cu=true&utm_source=kong&utm_medium=tuiguang&utm_campaign=t_1000762869_&utm_term=c352714f62624d15b1bf3ce6599f4673,https://img14.360buyimg.com/n1/s450x450_jfs/t1/182564/18/31597/73472/63ad0c92F02c74b62/c60b1231a7c021c0.jpg
['荣耀（HONOR）'],['荣耀Magic V2'],['骁龙8 Gen2 领先版'],['50-79W'],[],['OLED折叠屏'],未知,https://item.jd.com/100058376972.html?cu=true&utm_source=kong&utm_medium=tuiguang&utm_campaign=t_1000762869_&utm_term=7c0d125315ea4dcbac1bcc81115d8b1b,https://img12.360buyimg.com/n1/s450x450_jfs/t1/195072/2/40783/79616/6538eb1dFaaf30f88/811f1b15bc1a66f2.jpg
['联想（Lenovo）'],['拯救者平板Y700 2023'],[],[],[],[],未知,https://item.jd.com/100063189475.html?cu=true&utm_source=kong&utm_medium=tuiguang&utm_campaign=t_1000762869_&utm_term=7af0ee0937cb4500a9ebb0f7eb988681,https://img10.360buyimg.com/n1/s450x450_jfs/t1/216439/2/35699/69499/64b89782Fc64fee20/7239404eb7de02fa.jpg
['OPPO'],['OPPO Reno9 Pro+ 5G'],['骁龙8+ Gen1'],['80-119W'],['生活防水'],['OLED曲面屏'],['屏幕指纹，NFC'],https://item.jd.com/100047126821.html?cu=true&utm_source=kong&utm_medium=tuiguang&utm_campaign=t_1000762869_&utm_term=23a25496b7724b19a792df1443f28dc1,https://img11.360buyimg.com/n1/s450x450_jfs/t1/97032/34/33664/54617/637ecd14Ebde3126c/b17f81ac4dd63d16.jpg
['vivo'],['iQOO 10 Pro'],['骁龙8 Gen2'],['151-200W'],['不支持防水'],['OLED曲面屏'],未知,https://item.jd.com/100048172505.html?cu=true&utm_source=kong&utm_medium=tuiguang&utm_campaign=t_1000762869_&utm_term=75ca1c084d1c414687eece382f645f70,https://img10.360buyimg.com/n1/s450x450_jfs/t1/177673/39/40683/76925/6536319bF518e0feb/b4d909c9277322dd.jpg
['一加'],['一加Ace Pro'],['骁龙8+ Gen1'],['120-150W'],['IPX4'],['OLED直屏'],['屏幕指纹，5G，屏幕高刷新率，防水防尘，NFC'],https://item.jd.com/100044619380.html?cu=true&utm_source=kong&utm_medium=tuiguang&utm_campaign=t_1000762869_&utm_term=e89a9ce3dc734be2b40989fd06413592,https://img10.360buyimg.com/n1/s450x450_jfs/t1/142857/21/28692/264660/62ecd193E577fc9fd/c3c38aab8d35e5db.jpg
['小米（MI）'],['小米12S Pro'],['骁龙8+ Gen1'],['120-150W'],['不支持防水'],['OLED曲面屏'],未知,https://item.jd.com/100027789697.html?cu=true&utm_source=kong&utm_medium=tuiguang&utm_campaign=t_1000762869_&utm_term=e006cae9996841d38634b5dd97919642,https://img12.360buyimg.com/n1/s450x450_jfs/t1/19237/15/17515/125075/62c2b412E8a402019/827e073c69bf4016.jpg
['小米（MI）'],['Redmi K60'],['天玑9200+'],['120-150W'],['IP68'],['OLED直屏'],['屏幕指纹，高频PWM调光，NFC，红外遥控'],https://item.jd.com/100061869632.html?cu=true&utm_source=kong&utm_medium=tuiguang&utm_campaign=t_1000762869_&utm_term=65066c201bdf4b778368f2a6768ae200,https://img12.360buyimg.com/n1/s450x450_jfs/t1/226231/26/855/67436/65369bfbF5e78e793/77fddcef28504848.jpg
['vivo'],['iQOO 10'],['骁龙8+ Gen1'],['120-150W'],['不支持防水'],['OLED直屏'],未知,https://item.jd.com/100041401632.html?cu=true&utm_source=kong&utm_medium=tuiguang&utm_campaign=t_1000762869_&utm_term=6831c15158d94ea9979f208bfdf2501a,https://img12.360buyimg.com/n1/s450x450_jfs/t1/41122/34/22314/60499/63a56e05E7bb58f8d/b72d5341ab1fa4d0.jpg
['vivo'],['iQOO Neo8'],['骁龙8+ Gen1'],['120-150W'],['IP53'],['OLED直屏'],['屏幕指纹，屏幕高刷新率，光学防抖拍照，NFC'],https://item.jd.com/100051092880.html?cu=true&utm_source=kong&utm_medium=tuiguang&utm_campaign=t_1000762869_&utm_term=4f443b5656a54651ae08b51ff8ffa417,https://img10.360buyimg.com/n1/s450x450_jfs/t1/181882/33/38903/75470/65378ca7F6e64c45d/321b9d4f3bf040a3.jpg
['联想（Lenovo）'],['拯救者Y70'],['骁龙8+ Gen1'],['50-79W'],['不支持防水'],['OLED直屏'],['屏幕高刷新率，5G，NFC'],https://item.jd.com/100034120757.html?cu=true&utm_source=kong&utm_medium=tuiguang&utm_campaign=t_1000762869_&utm_term=76498294b06d48ccb058720e27da5689,https://img12.360buyimg.com/n1/s450x450_jfs/t1/121864/11/25347/76990/62fdb215Ef80ac210/075088e7a2c86a28.jpg
['小米（MI）'],['Redmi K50 至尊版'],['骁龙8+ Gen1'],['以官网信息为准'],['生活防水'],['OLED直屏'],未知,https://item.jd.com/100033901449.html?cu=true&utm_source=kong&utm_medium=tuiguang&utm_campaign=t_1000762869_&utm_term=ecb3fd8938f14db0a50f3aa47793b005,https://img14.360buyimg.com/n1/s450x450_jfs/t1/1912/4/20246/27513/62f4ff90E02ce0a17/bd58e664eaca1f01.jpg
['真我（realme）'],['realme GT Neo5'],['骁龙8+ Gen1'],['120-150W'],['生活防水'],['OLED直屏'],未知,https://item.jd.com/100052502353.html?cu=true&utm_source=kong&utm_medium=tuiguang&utm_campaign=t_1000762869_&utm_term=3baf71fa075e4810be94945c2b160b49,https://img13.360buyimg.com/n1/s450x450_jfs/t1/187731/25/40426/48204/6532b1bdF19d434e9/583cd5045e350deb.jpg
['小米（MI）'],['小米平板6 Pro'],[],[],[],[],未知,https://item.jd.com/100050512144.html?cu=true&utm_source=kong&utm_medium=tuiguang&utm_campaign=t_1000762869_&utm_term=594bb39349ac4dbdab6274597251b9e9,https://img14.360buyimg.com/n1/s450x450_jfs/t1/97423/37/45043/77783/65228230F599d88f6/fa402d1086f724b3.jpg
['小米（MI）'],['小米12S Ultra'],['骁龙8+ Gen1'],['50-79W'],['IP68'],['OLED曲面屏'],未知,https://item.jd.com/100027789747.html?cu=true&utm_source=kong&utm_medium=tuiguang&utm_campaign=t_1000762869_&utm_term=9e3dee2f567b4cd89f1fb9dd804760bb,https://img12.360buyimg.com/n1/s450x450_jfs/t1/162046/19/33972/51038/63bbc0cdF9ea739d6/4d8d3e8e2dfe5451.jpg
['华为（HUAWEI）'],['华为P60 Art'],['骁龙8系列 4G'],['80-119W'],['IP68'],['OLED曲面屏'],未知,https://item.jd.com/100054651265.html?cu=true&utm_source=kong&utm_medium=tuiguang&utm_campaign=t_1000762869_&utm_term=5a81422e814647689a5b35bc5852e4bf,https://img10.360buyimg.com/n1/s450x450_jfs/t1/194987/27/39458/90422/6535f88aF6b70584a/ffbc5288ff574d04.jpg
['荣耀（HONOR）'],['荣耀Magic5'],['骁龙8 Gen2'],['50-79W'],[],['OLED曲面屏'],['屏幕指纹，屏幕高刷新率，高倍率变焦，NFC，红外遥控，大底主摄'],https://item.jd.com/100045099822.html?cu=true&utm_source=kong&utm_medium=tuiguang&utm_campaign=t_1000762869_&utm_term=f97953848aa74e32ab08a9f3fccc069a,https://img12.360buyimg.com/n1/s450x450_jfs/t1/222936/18/29616/89711/6538cf36F8e6b0397/9c40b4aa67d34c2e.jpg
['华为（HUAWEI）'],['华为P60 Pro'],['骁龙8系列 4G'],['80-119W'],['IP68'],['OLED曲面屏'],未知,https://item.jd.com/100046247596.html?cu=true&utm_source=kong&utm_medium=tuiguang&utm_campaign=t_1000762869_&utm_term=ca8f18fce310409597dbecf6b7ea88e6,https://img11.360buyimg.com/n1/s450x450_jfs/t1/109444/23/25656/100055/6535f6bbF71706cb9/30c1d38e2065d0f4.jpg
['vivo'],['iQOO 9'],['骁龙8 Gen2'],['151-200W'],['生活防水'],['OLED直屏'],['E6材质，屏幕指纹，屏幕高刷新率，NFC'],https://item.jd.com/100055626080.html?cu=true&utm_source=kong&utm_medium=tuiguang&utm_campaign=t_1000762869_&utm_term=257258d75af64a43b9c414d43536a3bf,https://img10.360buyimg.com/n1/s450x450_jfs/t1/114413/19/42450/104973/65351d12F2eff9076/c1a4abdf016fd795.jpg
['vivo'],['iQOO 9 Pro'],['骁龙8 Gen2'],['151-200W'],['不支持防水'],['OLED曲面屏'],未知,https://item.jd.com/100048172505.html?cu=true&utm_source=kong&utm_medium=tuiguang&utm_campaign=t_1000762869_&utm_term=fff66aef85b5400cb0f0ac05338e08cf,https://img10.360buyimg.com/n1/s450x450_jfs/t1/177673/39/40683/76925/6536319bF518e0feb/b4d909c9277322dd.jpg
['华为（HUAWEI）'],['华为Mate 50 Pro'],['未公布'],['50-79W'],['IP68'],['OLED曲面屏'],未知,https://item.jd.com/100037199895.html?cu=true&utm_source=kong&utm_medium=tuiguang&utm_campaign=t_1000762869_&utm_term=a0fd4668046a4375af1c2f710a36f3f8,https://img10.360buyimg.com/n1/s450x450_jfs/t1/237367/30/347/105530/6534d34eF59c0cef4/61a98319a63d412a.jpg
['vivo'],['iQOO Neo6'],['骁龙8 Gen1'],['80-119W'],['不支持防水'],['OLED直屏'],['屏幕指纹，5G，屏幕高刷新率'],https://item.jd.com/100020571745.html?cu=true&utm_source=kong&utm_medium=tuiguang&utm_campaign=t_1000762869_&utm_term=9cc56aa131c944e9a5de24637c777dc5,https://img10.360buyimg.com/n1/s450x450_jfs/t1/91886/33/21791/325095/628f64bfE5205c820/dd4f3d1927be9fb5.jpg
['华为（HUAWEI）'],['华为P60'],['骁龙8系列 4G'],['50-79W'],['IP68'],['OLED曲面屏'],未知,https://item.jd.com/100054651297.html?cu=true&utm_source=kong&utm_medium=tuiguang&utm_campaign=t_1000762869_&utm_term=a1bcace9d98741238ebbd908d1c61c60,https://img12.360buyimg.com/n1/s450x450_jfs/t1/227219/18/761/99812/6535f583F8a317452/5b56f557c8e63cf6.jpg
['小米（MI）'],['Redmi K50 电竞版'],[],[],[],[],未知,https://item.jd.com/100023660915.html?cu=true&utm_source=kong&utm_medium=tuiguang&utm_campaign=t_1000762869_&utm_term=e770a4292b5d41a48c8b7a6ebb869c66,https://img10.360buyimg.com/n1/s450x450_jfs/t1/37699/15/17992/61870/6295efffE701909c3/d0ae064b88cbbf54.jpg
['小米（MI）'],['小米12 Pro'],[],[],[],[],未知,https://item.jd.com/100019697937.html?cu=true&utm_source=kong&utm_medium=tuiguang&utm_campaign=t_1000762869_&utm_term=f6f017e7920548c68d66ebe693f8942b,https://img12.360buyimg.com/n1/s450x450_jfs/t1/137911/5/26128/134455/61cb210aEc6aa040a/a6f7a47fdf827e1a.jpg
['真我（realme）'],['realme GT Neo5 SE'],['骁龙7+ Gen2'],['80-119W'],['生活防水'],['OLED直屏'],未知,https://item.jd.com/100055829051.html?cu=true&utm_source=kong&utm_medium=tuiguang&utm_campaign=t_1000762869_&utm_term=239bd145c0ef4f0eba23abfa2f0eeafe,https://img11.360buyimg.com/n1/s450x450_jfs/t1/185365/12/40155/66772/6532b3d6F6bd3e917/e3fee62f4e3e6839.jpg
['小米（MI）'],['Redmi Note 12 Turbo'],['骁龙7+ Gen2'],['50-79W'],['IP53'],['OLED直屏'],未知,https://item.jd.com/100047302022.html?cu=true&utm_source=kong&utm_medium=tuiguang&utm_campaign=t_1000762869_&utm_term=155cc984de2e4d2aac20f5eaea3eee5b,https://img12.360buyimg.com/n1/s450x450_jfs/t1/234331/29/521/72466/65363fedFbe029148/713767d0d8636cd2.jpg
['vivo'],['iQOO Neo7'],['天玑8200'],['120-150W'],['不支持防水'],['OLED直屏'],未知,https://item.jd.com/100048172463.html?cu=true&utm_source=kong&utm_medium=tuiguang&utm_campaign=t_1000762869_&utm_term=865bb6c39e0f476cba42a4558efcfe76,https://img13.360buyimg.com/n1/s450x450_jfs/t1/229348/22/512/68149/6535e8a4Fdb19caa6/2a0212711687a653.jpg
['vivo'],['vivo X80'],['天玑9000'],['80-119W'],['不支持防水'],['OLED曲面屏'],未知,https://item.jd.com/100037815830.html?cu=true&utm_source=kong&utm_medium=tuiguang&utm_campaign=t_1000762869_&utm_term=bd759c9c431a48b09c28df954da57fe2,https://img10.360buyimg.com/n1/s450x450_jfs/t1/30289/4/18325/44407/6357e68aEae631c7c/1400509479043da2.jpg
['一加'],['一加Ace 2V'],['天玑9000'],['80-119W'],['IPX4'],['OLED直屏'],['屏幕指纹，屏幕高刷新率，防水防尘，NFC，红外遥控，大底主摄'],https://item.jd.com/100053251673.html?cu=true&utm_source=kong&utm_medium=tuiguang&utm_campaign=t_1000762869_&utm_term=f6a4d0e7c17c48fbb2069e808c4e8da9,https://img13.360buyimg.com/n1/s450x450_jfs/t1/132090/4/40594/66657/6537b33dF71348a38/0faf0c97ea78c691.jpg
['荣耀（HONOR）'],['荣耀80 GT'],['骁龙8+ Gen1'],['50-79W'],['不支持防水'],['OLED直屏'],未知,https://item.jd.com/100040866876.html?cu=true&utm_source=kong&utm_medium=tuiguang&utm_campaign=t_1000762869_&utm_term=093137b7e91d49af82a2a4ba1037b0ec,https://img11.360buyimg.com/n1/s450x450_jfs/t1/234651/27/467/68256/65352796F2f435716/dadd50614874f2bd.jpg
['iQOO'],['iQOO Pad'],[],[],[],[],未知,https://item.jd.com/100051794824.html?cu=true&utm_source=kong&utm_medium=tuiguang&utm_campaign=t_1000762869_&utm_term=b48db7dc90ba4178b9b8fe0f6c299b2a,https://img14.360buyimg.com/n1/s450x450_jfs/t1/227904/10/1065/79196/6539cd93F4eac1e88/3a1b0296fc9d9e9a.jpg
['华为（HUAWEI）'],['华为Mate 50'],['未公布'],['50-79W'],['IP68'],['OLED直屏'],未知,https://item.jd.com/100037199917.html?cu=true&utm_source=kong&utm_medium=tuiguang&utm_campaign=t_1000762869_&utm_term=9eac0bf2aa6d4d7e94c4a5fd8dfe39f6,https://img12.360buyimg.com/n1/s450x450_jfs/t1/192947/26/40655/93708/6534cf4cF9d68a94e/fe0859af4fe4193b.jpg
['荣耀（HONOR）'],['荣耀90 Pro'],['骁龙8+ Gen1'],['80-119W'],['不支持防水'],['OLED曲面屏'],未知,https://item.jd.com/100053093138.html?cu=true&utm_source=kong&utm_medium=tuiguang&utm_campaign=t_1000762869_&utm_term=29a3e0d75b1543d889c796e81f9dfac2,https://img13.360buyimg.com/n1/s450x450_jfs/t1/236648/29/619/99783/6538ee9aFdd4940b8/ac20fe3ca9deb101.jpg
['小米（MI）'],['Redmi K50 Pro'],[],[],[],[],未知,https://item.jd.com/100020076101.html?cu=true&utm_source=kong&utm_medium=tuiguang&utm_campaign=t_1000762869_&utm_term=19d58e139177460197942d54da56d4c6,https://img11.360buyimg.com/n1/s450x450_jfs/t1/211927/36/15018/290267/623317aaEb0d8818f/50d85e6135be33d4.jpg
['荣耀（HONOR）'],['荣耀80 Pro'],['骁龙8+ Gen1'],['50-79W'],['不支持防水'],['OLED直屏'],未知,https://item.jd.com/100051639045.html?cu=true&utm_source=kong&utm_medium=tuiguang&utm_campaign=t_1000762869_&utm_term=31b863f639cc424196da690cfaa6254e,https://img10.360buyimg.com/n1/s450x450_jfs/t1/220687/7/13535/58223/63b58bdfF6531a539/52cad29877359f82.jpg
['三星（SAMSUNG）'],['三星Galaxy S22 Ultra 5G'],['骁龙8 Gen1'],['26-49W'],['IP68'],['OLED曲面屏'],未知,https://item.jd.com/100018354355.html?cu=true&utm_source=kong&utm_medium=tuiguang&utm_campaign=t_1000762869_&utm_term=0da7c9c2dbdb48588b3f88bfe12b2bb3,https://img10.360buyimg.com/n1/s450x450_jfs/t1/109857/14/42578/74990/65365261F811f8521/9278604e9b065fe8.jpg
['vivo'],['iQOO Z8'],['天玑8200'],['120-150W'],['不支持防水'],['LCD'],['屏幕高刷新率'],https://item.jd.com/100061826798.html?cu=true&utm_source=kong&utm_medium=tuiguang&utm_campaign=t_1000762869_&utm_term=4e9d1c82365e4bc7bf9af947a7f28ea7,https://img13.360buyimg.com/n1/s450x450_jfs/t1/199207/39/34849/53346/65378ca9Faa44441e/6b7a50f017662b6a.jpg
['vivo'],['iQOO 7'],['骁龙8 Gen2'],['151-200W'],['生活防水'],['OLED直屏'],['E6材质，屏幕指纹，屏幕高刷新率，NFC'],https://item.jd.com/100055626080.html?cu=true&utm_source=kong&utm_medium=tuiguang&utm_campaign=t_1000762869_&utm_term=a4f1b416767542919f16707bd6db07b3,https://img10.360buyimg.com/n1/s450x450_jfs/t1/114413/19/42450/104973/65351d12F2eff9076/c1a4abdf016fd795.jpg
['vivo'],['iQOO Neo7 SE'],['天玑8200'],['120-150W'],['不支持防水'],['OLED直屏'],未知,https://item.jd.com/100048172463.html?cu=true&utm_source=kong&utm_medium=tuiguang&utm_campaign=t_1000762869_&utm_term=62af4e3b801d4ddcbd3c25eb0a72abfd,https://img13.360buyimg.com/n1/s450x450_jfs/t1/229348/22/512/68149/6535e8a4Fdb19caa6/2a0212711687a653.jpg
['vivo'],['iQOO Neo5S'],['骁龙888'],['50-79W'],['不支持防水'],['OLED直屏'],未知,https://item.jd.com/100030441732.html?cu=true&utm_source=kong&utm_medium=tuiguang&utm_campaign=t_1000762869_&utm_term=6c423848b1544838bd2cea0b9a31b9ef,https://img12.360buyimg.com/n1/s450x450_jfs/t1/177613/34/34105/36637/643d17d6F1b54a2d7/33dfcc555eab5397.jpg
['vivo'],['vivo S17 Pro'],['天玑8200'],['80-119W'],['生活防水'],['OLED曲面屏'],未知,https://item.jd.com/100052820590.html?cu=true&utm_source=kong&utm_medium=tuiguang&utm_campaign=t_1000762869_&utm_term=d48cf90164444a7a8e13a5d99846932a,https://img10.360buyimg.com/n1/s450x450_jfs/t1/98237/10/39151/82948/6534f9eeFc089cb68/bf75d43633a60a69.jpg
['OPPO'],['OPPO Reno10 Pro 5G'],['骁龙8+ Gen1'],['80-119W'],['IPX4'],['OLED曲面屏'],未知,https://item.jd.com/100052125032.html?cu=true&utm_source=kong&utm_medium=tuiguang&utm_campaign=t_1000762869_&utm_term=5d3aa88ad96b410392c88d881cf345a3,https://img12.360buyimg.com/n1/s450x450_jfs/t1/159338/12/40363/76225/6534c0c1F71f3b416/1e47fd846fe99a7b.jpg
['vivo'],['iQOO 8'],['骁龙8 Gen2'],['151-200W'],['生活防水'],['OLED直屏'],['E6材质，屏幕指纹，屏幕高刷新率，NFC'],https://item.jd.com/100055626080.html?cu=true&utm_source=kong&utm_medium=tuiguang&utm_campaign=t_1000762869_&utm_term=b4b36ccb398f4507977a7535ebf71ddd,https://img10.360buyimg.com/n1/s450x450_jfs/t1/114413/19/42450/104973/65351d12F2eff9076/c1a4abdf016fd795.jpg
['荣耀（HONOR）'],['荣耀Magic4'],['骁龙8 Gen1'],['50-79W'],['IPX4'],['OLED曲面屏'],未知,https://item.jd.com/100019269987.html?cu=true&utm_source=kong&utm_medium=tuiguang&utm_campaign=t_1000762869_&utm_term=672153d17eba46f4818b30fc0f7087da,https://img12.360buyimg.com/n1/s450x450_jfs/t1/213122/29/21567/23863/6328620cE150656c2/12267bf7b4a5e477.jpg
['真我（realme）'],['realme GT'],['骁龙8 Gen2'],['240W'],['生活防水'],['OLED直屏'],未知,https://item.jd.com/100065762621.html?cu=true&utm_source=kong&utm_medium=tuiguang&utm_campaign=t_1000762869_&utm_term=52e40454df154bb89bba8f52e5342769,https://img11.360buyimg.com/n1/s450x450_jfs/t1/228028/22/563/54638/6532af4cFf55e3537/f033fb6d754df169.jpg
['荣耀（HONOR）'],['荣耀Magic4 至臻版'],['骁龙8 Gen1'],['80-119W'],['IP68'],['OLED曲面屏'],['LTPO屏幕'],https://item.jd.com/100034036774.html?cu=true&utm_source=kong&utm_medium=tuiguang&utm_campaign=t_1000762869_&utm_term=c9a18a13bbea448ea06b6b2715084ed9,https://img14.360buyimg.com/n1/s450x450_jfs/t1/97381/31/31928/26630/63286d33E38ab9cc3/0c16b58a034c9f4c.jpg
['小米（MI）'],['Redmi K40 Pro'],[],[],[],[],未知,https://item.jd.com/100018642180.html?cu=true&utm_source=kong&utm_medium=tuiguang&utm_campaign=t_1000762869_&utm_term=5e41fc28850d4c0aa68ab3a77b427776,https://img10.360buyimg.com/n1/s450x450_jfs/t1/176039/15/11/122234/6059bd24Eef637833/ac6111063d3eb3ee.jpg
['一加'],['一加Ace 竞速版'],['天玑8100-MAX'],['50-79W'],['生活防水'],['LCD'],['屏幕高刷新率，防水防尘，NFC'],https://item.jd.com/100022199561.html?cu=true&utm_source=kong&utm_medium=tuiguang&utm_campaign=t_1000762869_&utm_term=aae313c1cb564789ba3603f638b9e895,https://img11.360buyimg.com/n1/s450x450_jfs/t1/232471/24/527/68461/6536504aF7aef50cf/e83c0f2222f9719f.jpg
['荣耀（HONOR）'],['荣耀Magic4 Pro'],['骁龙8 Gen1'],['80-119W'],['IP68'],['OLED曲面屏'],['LTPO屏幕'],https://item.jd.com/100032673361.html?cu=true&utm_source=kong&utm_medium=tuiguang&utm_campaign=t_1000762869_&utm_term=2742155bd62d4261bb1987cc55a6b231,https://img11.360buyimg.com/n1/s450x450_jfs/t1/115814/23/21131/99111/621c91bfE0af65252/ae32006b156831e7.jpg
['小米（MI）'],['Redmi K60E'],['天玑8200'],['50-79W'],['IP53'],['OLED直屏'],['屏幕高刷新率，光学防抖拍照，NFC，红外遥控'],https://item.jd.com/100051316897.html?cu=true&utm_source=kong&utm_medium=tuiguang&utm_campaign=t_1000762869_&utm_term=9304614ad21b41d4b511c9a28227e3b3,https://img12.360buyimg.com/n1/s450x450_jfs/t1/96266/15/36360/31056/63aab37aFb96e223c/6e0da71c8ddd4368.jpg
['小米（MI）'],['小米Civi 3'],['天玑8200-Ultra'],['50-79W'],['IP53'],['OLED曲面屏'],未知,https://item.jd.com/100052684910.html?cu=true&utm_source=kong&utm_medium=tuiguang&utm_campaign=t_1000762869_&utm_term=b40f11ed5a6043de8f23af8a27a07ead,https://img10.360buyimg.com/n1/s450x450_jfs/t1/233209/2/197/68592/6530d648Fb31a7527/d432edf85770546a.jpg
['小米（MI）'],['Redmi Note12T Pro'],['天玑8200-Ultra'],['50-79W'],['IP53'],['LCD'],未知,https://item.jd.com/100058934613.html?cu=true&utm_source=kong&utm_medium=tuiguang&utm_campaign=t_1000762869_&utm_term=1ed38c89b4024aae832fbab237516b89,https://img13.360buyimg.com/n1/s450x450_jfs/t1/232298/16/174/83780/65308703F967ad310/c9b87751dc44e9f3.jpg
['小米（MI）'],['小米11 Ultra'],['骁龙888'],['50-79W'],['IP68'],['OLED曲面屏'],未知,https://item.jd.com/100019791896.html?cu=true&utm_source=kong&utm_medium=tuiguang&utm_campaign=t_1000762869_&utm_term=899fe5bd6f9a4ba2a8fc36716497d196,https://img11.360buyimg.com/n1/s450x450_jfs/t1/160724/31/15505/100951/6061c0e2E23b77bee/6105397816a86f0b.jpg
['真我（realme）'],['realme GT Neo 3'],[],[],[],[],未知,https://item.jd.com/100037765464.html?cu=true&utm_source=kong&utm_medium=tuiguang&utm_campaign=t_1000762869_&utm_term=1bf9ef2db9ad47b0ab3e349111ddbe63,https://img14.360buyimg.com/n1/s450x450_jfs/t1/93336/25/26448/78598/625e5379Eb859f149/beda5fd54e0e4508.jpg
['荣耀（HONOR）'],['荣耀X40 GT'],['骁龙888'],['50-79W'],['不支持防水'],['LCD'],未知,https://item.jd.com/100042265397.html?cu=true&utm_source=kong&utm_medium=tuiguang&utm_campaign=t_1000762869_&utm_term=42f60f8f83064996879f158974c794f9,https://img12.360buyimg.com/n1/s450x450_jfs/t1/188041/9/28595/24477/63469204E0e155b4c/c18bd2097196ccfa.jpg
['荣耀（HONOR）'],['荣耀X40 GT竞速版'],['骁龙888'],['50-79W'],['不支持防水'],['LCD'],未知,https://item.jd.com/100068627151.html?cu=true&utm_source=kong&utm_medium=tuiguang&utm_campaign=t_1000762869_&utm_term=2fcb27890e3d45d6879a5e13427c642d,https://img11.360buyimg.com/n1/s450x450_jfs/t1/96334/15/37805/74038/653a2f21Ff7913a02/776688bc1ede5d40.jpg
['小米（MI）'],['小米11 Pro'],['骁龙8 Gen2'],['120-150W'],['IP68'],['OLED曲面屏'],未知,https://item.jd.com/100049486749.html?cu=true&utm_source=kong&utm_medium=tuiguang&utm_campaign=t_1000762869_&utm_term=bc051738ff424a6696458adb12f4e000,https://img14.360buyimg.com/n1/s450x450_jfs/t1/101875/16/31999/17274/6395a937E971b313b/f6f90b0c74a6acb7.jpg
['OPPO'],['OPPO K10 5G'],['天玑8000'],['50-79W'],['生活防水'],['LTPS LCD'],['屏幕高刷新率'],https://item.jd.com/100037323622.html?cu=true&utm_source=kong&utm_medium=tuiguang&utm_campaign=t_1000762869_&utm_term=57f8687bcb244a2fa31e19fb3d00eda0,https://img12.360buyimg.com/n1/s450x450_jfs/t1/228210/11/453/54263/6534df44Ff078b796/898d072b2ff6a09c.jpg
['小米（MI）'],['Redmi K50'],['天玑8100'],['50-79W'],['IP53'],['OLED直屏'],未知,https://item.jd.com/100035246702.html?cu=true&utm_source=kong&utm_medium=tuiguang&utm_campaign=t_1000762869_&utm_term=f1835beeaa014b77a110033018d08e23,https://img12.360buyimg.com/n1/s450x450_jfs/t1/102324/40/26032/286954/62331c30E42304c07/cb01bcf44f005b98.jpg
['小米（MI）'],['Redmi Note 11T Pro'],['天玑8100'],['50-79W'],['生活防水'],['LCD'],未知,https://item.jd.com/100064518146.html?cu=true&utm_source=kong&utm_medium=tuiguang&utm_campaign=t_1000762869_&utm_term=258f5fe6fbfd43ed93e1666f40c7fd2f,https://img11.360buyimg.com/n1/s450x450_jfs/t1/90805/21/42621/47189/648f1eaaF795258f9/e4b15c1ec398ec20.jpg
['vivo'],['iQOO Neo6 SE'],['骁龙870'],['80-119W'],['不支持防水'],['OLED直屏'],['屏幕指纹，5G，屏幕高刷新率'],https://item.jd.com/100021888995.html?cu=true&utm_source=kong&utm_medium=tuiguang&utm_campaign=t_1000762869_&utm_term=e27a4fa39bf645a4b776b55abd66e7c8,https://img10.360buyimg.com/n1/s450x450_jfs/t1/129745/40/22891/332016/628f6621Ea6ad1491/fae8988cfdb7352a.jpg
['vivo'],['iQOO Neo5 SE'],['天玑8200'],['120-150W'],['不支持防水'],['OLED直屏'],未知,https://item.jd.com/100048172463.html?cu=true&utm_source=kong&utm_medium=tuiguang&utm_campaign=t_1000762869_&utm_term=51344b8f856f494aa981977e97e777ca,https://img13.360buyimg.com/n1/s450x450_jfs/t1/229348/22/512/68149/6535e8a4Fdb19caa6/2a0212711687a653.jpg
['小米（MI）'],['小米11'],['骁龙888'],['50-79W'],['IP53'],['OLED曲面屏'],未知,https://item.jd.com/100017358352.html?cu=true&utm_source=kong&utm_medium=tuiguang&utm_campaign=t_1000762869_&utm_term=6b181bea884a4081baca3c6e2c7e09ca,https://img12.360buyimg.com/n1/s450x450_jfs/t1/157367/11/11/67298/5fe952abEe0ceb5ee/134c3ad9fabe83ff.jpg
['小米（MI）'],['Redmi Note 11T Pro+'],['天玑8100'],['120-150W'],['生活防水'],['LCD'],未知,https://item.jd.com/100023150137.html?cu=true&utm_source=kong&utm_medium=tuiguang&utm_campaign=t_1000762869_&utm_term=1833455f08ec453f89aeb44bc01fa77d,https://img12.360buyimg.com/n1/s450x450_jfs/t1/28483/9/16800/68572/628cb2e9Ef114c674/5fbe663735f63657.jpg
['OPPO'],['OPPO Find X3'],['骁龙870'],['50-79W'],['生活防水'],['OLED曲面屏'],未知,https://item.jd.com/100021202511.html?cu=true&utm_source=kong&utm_medium=tuiguang&utm_campaign=t_1000762869_&utm_term=faa00429b415438e935356bea282e127,https://img11.360buyimg.com/n1/s450x450_jfs/t1/149263/19/20781/71316/61de7db5E3a43f333/3e13b2090433e133.jpg
['真我（realme）'],['realme GT 大师探索版'],['骁龙8+ Gen1'],['80-119W'],['生活防水'],['OLED直屏'],未知,https://item.jd.com/100028664973.html?cu=true&utm_source=kong&utm_medium=tuiguang&utm_campaign=t_1000762869_&utm_term=848dbebe940f430ba2b848fb28c77035,https://img13.360buyimg.com/n1/s450x450_jfs/t1/185248/17/40031/77896/6532b85eF1127747d/b758570eef38fc4d.jpg
['联想（Lenovo）'],['拯救者平板Y700'],[],[],[],[],未知,https://item.jd.com/100063189475.html?cu=true&utm_source=kong&utm_medium=tuiguang&utm_campaign=t_1000762869_&utm_term=86f4f9a23b9f4c2ea80b2b4299727b04,https://img10.360buyimg.com/n1/s450x450_jfs/t1/131959/29/37979/115240/653b1c3dF25f062f5/337cd9aa2038c6db.jpg
['vivo'],['iQOO Neo5 活力版'],['天玑8200'],['120-150W'],['不支持防水'],['OLED直屏'],未知,https://item.jd.com/100048172463.html?cu=true&utm_source=kong&utm_medium=tuiguang&utm_campaign=t_1000762869_&utm_term=d393252af5d34da78db8144564beea61,https://img13.360buyimg.com/n1/s450x450_jfs/t1/229348/22/512/68149/6535e8a4Fdb19caa6/2a0212711687a653.jpg
['小米（MI）'],['Redmi K40'],[],[],[],[],未知,https://item.jd.com/100018640796.html?cu=true&utm_source=kong&utm_medium=tuiguang&utm_campaign=t_1000762869_&utm_term=586f7816bbad4856ac7be68973819f85,https://img11.360buyimg.com/n1/s450x450_jfs/t1/166774/32/14381/145223/6059b1d4E9caaa792/bce5ef0bc351e516.jpg
['vivo'],['iQOO Neo5'],['骁龙8+ Gen1'],['120-150W'],['IP53'],['OLED直屏'],['屏幕指纹，屏幕高刷新率，光学防抖拍照，NFC'],https://item.jd.com/100051092880.html?cu=true&utm_source=kong&utm_medium=tuiguang&utm_campaign=t_1000762869_&utm_term=b9fe93f588374b28bc6a6e395c2484c9,https://img10.360buyimg.com/n1/s450x450_jfs/t1/181882/33/38903/75470/65378ca7F6e64c45d/321b9d4f3bf040a3.jpg
['小米（MI）'],['小米10S'],[],[],[],[],未知,https://item.jd.com/100019044460.html?cu=true&utm_source=kong&utm_medium=tuiguang&utm_campaign=t_1000762869_&utm_term=b2b9b4013e974970a6baa8c42f67e033,https://img10.360buyimg.com/n1/s450x450_jfs/t1/218725/35/11323/67585/61ea490dE88c9c238/5e6bb60e5bbb4264.jpg
['小米（MI）'],['Redmi K40S'],['骁龙870'],['50-79W'],['生活防水'],['OLED直屏'],未知,https://item.jd.com/100020062335.html?cu=true&utm_source=kong&utm_medium=tuiguang&utm_campaign=t_1000762869_&utm_term=6781adafe67f4d5099c486b6deab6483,https://img10.360buyimg.com/n1/s450x450_jfs/t1/149909/27/21980/296225/62331f88E5f6cecef/e9e71b07fabfb5d2.jpg
['小米（MI）'],['小米10 Pro'],['骁龙8 Gen2'],['120-150W'],['IP68'],['OLED曲面屏'],未知,https://item.jd.com/100049486749.html?cu=true&utm_source=kong&utm_medium=tuiguang&utm_campaign=t_1000762869_&utm_term=d2efc8eb2588416f91eb68ce4d43a9c0,https://img14.360buyimg.com/n1/s450x450_jfs/t1/101875/16/31999/17274/6395a937E971b313b/f6f90b0c74a6acb7.jpg
['小米（MI）'],['小米10 至尊纪念版'],['骁龙8 Gen2'],['80-119W'],['IP68'],['OLED曲面屏'],未知,https://item.jd.com/100056974405.html?cu=true&utm_source=kong&utm_medium=tuiguang&utm_campaign=t_1000762869_&utm_term=3bde63ef98b5486880e460f04ad2ca02,https://img10.360buyimg.com/n1/s450x450_jfs/t1/78873/16/25462/106471/6530b794Fa694582d/f1481cf9ffce746e.jpg
['vivo'],['iQOO Neo3'],['骁龙8+ Gen1'],['120-150W'],['IP53'],['OLED直屏'],['屏幕指纹，屏幕高刷新率，光学防抖拍照，NFC'],https://item.jd.com/100051092880.html?cu=true&utm_source=kong&utm_medium=tuiguang&utm_campaign=t_1000762869_&utm_term=063d84cc60f24b47b77606e5d0faa27f,https://img10.360buyimg.com/n1/s450x450_jfs/t1/181882/33/38903/75470/65378ca7F6e64c45d/321b9d4f3bf040a3.jpg
['小米（MI）'],['Redmi K30S 至尊纪念版'],['天玑9200+'],['120-150W'],['IP68'],['OLED直屏'],['屏幕指纹，高频PWM调光，NFC，红外遥控'],https://item.jd.com/100061869632.html?cu=true&utm_source=kong&utm_medium=tuiguang&utm_campaign=t_1000762869_&utm_term=82cf55e27c3447229a00d76ac5aa411b,https://img12.360buyimg.com/n1/s450x450_jfs/t1/226231/26/855/67436/65369bfbF5e78e793/77fddcef28504848.jpg
['小米（MI）'],['小米10'],['骁龙8 Gen2'],['50-79W'],['IP68'],['OLED直屏'],未知,https://item.jd.com/100049486743.html?cu=true&utm_source=kong&utm_medium=tuiguang&utm_campaign=t_1000762869_&utm_term=56ee85b007fe432c863f1a49afd31dc6,https://img13.360buyimg.com/n1/s450x450_jfs/t1/102740/9/37262/80065/6530ab8eF8102a676/b15380d47c841abd.jpg
['小米（MI）'],['Redmi K30 Pro'],[],[],[],[],未知,https://item.jd.com/100011967508.html?cu=true&utm_source=kong&utm_medium=tuiguang&utm_campaign=t_1000762869_&utm_term=33b233fa34ec44e28f8610cf6d7a51b0,https://img13.360buyimg.com/n1/s450x450_jfs/t1/102554/37/16283/163998/5e78a277E84ce028a/d7375c6a16dfd073.jpg
['小米（MI）'],['Redmi Note 13 Pro+'],['天玑7200-Ultra'],['120-150W'],['IP68'],['OLED曲面屏'],未知,https://item.jd.com/10085852346082.html?cu=true&utm_source=kong&utm_medium=tuiguang&utm_campaign=t_1000762869_&utm_term=d1dac97f027347d7a607177c9001ee09,https://img12.360buyimg.com/n1/s450x450_jfs/t1/230454/2/454/71812/6535e769F65f4b85e/042be7ae9ce6f495.jpg
['vivo'],['vivo S17e'],['天玑7200'],['50-79W'],['不支持防水'],['OLED曲面屏'],未知,https://item.jd.com/100051541142.html?cu=true&utm_source=kong&utm_medium=tuiguang&utm_campaign=t_1000762869_&utm_term=1b0d74f55ab84f8fad44f799d53722e9,https://img12.360buyimg.com/n1/s450x450_jfs/t1/89702/2/45177/62263/653672faFc2e800fb/c434c21a10e5ff4b.jpg
['荣耀（HONOR）'],['荣耀90'],['骁龙7系列'],['50-79W'],['不支持防水'],['OLED曲面屏'],未知,https://item.jd.com/100052541468.html?cu=true&utm_source=kong&utm_medium=tuiguang&utm_campaign=t_1000762869_&utm_term=0b9c5afcaa1d4aef9da7283a643a134f,https://img13.360buyimg.com/n1/s450x450_jfs/t1/94601/9/42242/100671/6538ee4bF898b0f42/f393ec1278b5666e.jpg
['vivo'],['iQOO Z7'],['骁龙782G'],['120-150W'],['不支持防水'],['LCD'],未知,https://item.jd.com/100045503730.html?cu=true&utm_source=kong&utm_medium=tuiguang&utm_campaign=t_1000762869_&utm_term=b2f5cf298a704937b4eee350e1ba4787,https://img10.360buyimg.com/n1/s450x450_jfs/t1/123509/38/40474/68003/65361898F3ed19b75/f2f0b97cfe27d633.jpg
['荣耀（HONOR）'],['荣耀80'],['骁龙782G'],['50-79W'],['不支持防水'],['OLED曲面屏'],未知,https://item.jd.com/100048275999.html?cu=true&utm_source=kong&utm_medium=tuiguang&utm_campaign=t_1000762869_&utm_term=8f1dd3ebc44e4e53a20469e078a7c589,https://img14.360buyimg.com/n1/s450x450_jfs/t1/93274/3/45557/41973/6534fccbF31d3f937/97d959c8bfb55bdb.jpg
['vivo'],['vivo S17'],['骁龙778G+'],['80-119W'],['生活防水'],['OLED曲面屏'],未知,https://item.jd.com/100058057444.html?cu=true&utm_source=kong&utm_medium=tuiguang&utm_campaign=t_1000762869_&utm_term=1ff7c6f2ef294d57b470530c64d97163,https://img14.360buyimg.com/n1/s450x450_jfs/t1/145610/15/39233/82171/6534f9f2F17ba7334/defacc9fd3ab207d.jpg
['荣耀（HONOR）'],['荣耀70'],['骁龙778G+'],['50-79W'],['不支持防水'],['OLED曲面屏'],未知,https://item.jd.com/100023070501.html?cu=true&utm_source=kong&utm_medium=tuiguang&utm_campaign=t_1000762869_&utm_term=4df4603a5adb4454ab70cde2d483084b,https://img11.360buyimg.com/n1/s450x450_jfs/t1/128928/2/26322/49074/632873d4E0126386e/33882a86e930cde5.jpg
['小米（MI）'],['Redmi Note 13 Pro'],['骁龙7s Gen2'],['50-79W'],['IP54'],['OLED直屏'],未知,https://item.jd.com/100068892967.html?cu=true&utm_source=kong&utm_medium=tuiguang&utm_campaign=t_1000762869_&utm_term=751034ee188d48d080a32d5866dd7747,https://img12.360buyimg.com/n1/s450x450_jfs/t1/123912/2/39877/64378/652f9baeF58e5e6a3/ec3d064d640201cf.jpg
['华为（HUAWEI）'],['华为nova 11'],['骁龙778G'],['50-79W'],['不支持防水'],['OLED直屏'],['屏幕指纹，屏幕高刷新率，NFC'],https://item.jd.com/100049696240.html?cu=true&utm_source=kong&utm_medium=tuiguang&utm_campaign=t_1000762869_&utm_term=5af5c01717674500adfbf6356043e16a,https://img10.360buyimg.com/n1/s450x450_jfs/t1/112923/16/36334/88727/6535fa1eFff344b73/b7a5b19c42d8a953.jpg
['荣耀（HONOR）'],['荣耀50'],['骁龙6 Gen1'],['26-49W'],['IP53'],['OLED曲面屏'],未知,https://item.jd.com/100057334060.html?cu=true&utm_source=kong&utm_medium=tuiguang&utm_campaign=t_1000762869_&utm_term=171267bca6af4700ad245f9b5c107d85,https://img10.360buyimg.com/n1/s450x450_jfs/t1/180516/23/40543/83908/6538d45fF61d91349/8d1a8b7f59f460f1.jpg
['华为（HUAWEI）'],['华为nova 10'],['骁龙778G'],['50-79W'],['不支持防水'],['OLED曲面屏'],未知,https://item.jd.com/100027028269.html?cu=true&utm_source=kong&utm_medium=tuiguang&utm_campaign=t_1000762869_&utm_term=5b605a86101244abbef9261b8ba7eaa5,https://img14.360buyimg.com/n1/s450x450_jfs/t1/188028/32/35637/35279/64c715d0Fe7233b67/d365def0e7f4276c.jpg
['小米（MI）'],[' Redmi Note 12 Turbo '],['骁龙7+ Gen2'],['50-79W'],['IP53'],['OLED直屏'],未知,https://item.jd.com/100047302022.html?cu=true&utm_source=kong&utm_medium=tuiguang&utm_campaign=t_1000762869_&utm_term=136ae295162e45c58a157dd7ad347998,https://img12.360buyimg.com/n1/s450x450_jfs/t1/234331/29/521/72466/65363fedFbe029148/713767d0d8636cd2.jpg
['努比亚（nubia）'],[' 努比亚Z50 '],['骁龙8 Gen2'],['80-119W'],['生活防水'],['OLED曲面屏'],未知,https://item.jd.com/100040572220.html?cu=true&utm_source=kong&utm_medium=tuiguang&utm_campaign=t_1000762869_&utm_term=d52c09b796e84204857188c4f3b67298,https://img10.360buyimg.com/n1/s450x450_jfs/t1/163887/1/38600/48602/6520af4fF0ef978a0/f4816fe1ce39536d.jpg
['一加'],[' 一加Ace 竞速版 '],['天玑8100-MAX'],['50-79W'],['生活防水'],['LCD'],['屏幕高刷新率，防水防尘，NFC'],https://item.jd.com/100022199561.html?cu=true&utm_source=kong&utm_medium=tuiguang&utm_campaign=t_1000762869_&utm_term=bc2754569aa343c7bfc39701549c5448,https://img11.360buyimg.com/n1/s450x450_jfs/t1/232471/24/527/68461/6536504aF7aef50cf/e83c0f2222f9719f.jpg
['联想（Lenovo）'],[' 拯救者Y70 '],['骁龙8+ Gen1'],['50-79W'],['不支持防水'],['OLED直屏'],['屏幕高刷新率，5G，NFC'],https://item.jd.com/100034120757.html?cu=true&utm_source=kong&utm_medium=tuiguang&utm_campaign=t_1000762869_&utm_term=a573fc395ac94c399a9cbd45c6059006,https://img12.360buyimg.com/n1/s450x450_jfs/t1/121864/11/25347/76990/62fdb215Ef80ac210/075088e7a2c86a28.jpg
['小米（MI）'],[' Redmi Note 11T Pro '],['天玑8100'],['50-79W'],['生活防水'],['LCD'],未知,https://item.jd.com/100064518146.html?cu=true&utm_source=kong&utm_medium=tuiguang&utm_campaign=t_1000762869_&utm_term=48c7e0b61c4b4cbd9e054f35ce83f753,https://img11.360buyimg.com/n1/s450x450_jfs/t1/90805/21/42621/47189/648f1eaaF795258f9/e4b15c1ec398ec20.jpg
['小米（MI）'],[' Redmi K60 '],['天玑9200+'],['120-150W'],['IP68'],['OLED直屏'],['屏幕指纹，高频PWM调光，NFC，红外遥控'],https://item.jd.com/100061869632.html?cu=true&utm_source=kong&utm_medium=tuiguang&utm_campaign=t_1000762869_&utm_term=466fe7324bbb43fd98f88ddadd4201b4,https://img12.360buyimg.com/n1/s450x450_jfs/t1/226231/26/855/67436/65369bfbF5e78e793/77fddcef28504848.jpg
['小米（MI）'],[' Redmi Note12T Pro '],['天玑8200-Ultra'],['50-79W'],['IP53'],['LCD'],未知,https://item.jd.com/100058934613.html?cu=true&utm_source=kong&utm_medium=tuiguang&utm_campaign=t_1000762869_&utm_term=9b749bf558744fe686135b16a64bd3b0,https://img13.360buyimg.com/n1/s450x450_jfs/t1/232298/16/174/83780/65308703F967ad310/c9b87751dc44e9f3.jpg
['小米（MI）'],[' Redmi K60 至尊版 '],['天玑9200+'],['120-150W'],['IP68'],['OLED直屏'],['屏幕指纹，高频PWM调光，NFC，红外遥控'],https://item.jd.com/100061869632.html?cu=true&utm_source=kong&utm_medium=tuiguang&utm_campaign=t_1000762869_&utm_term=2c8804eac67d478c953674b6b655b8c3,https://img12.360buyimg.com/n1/s450x450_jfs/t1/226231/26/855/67436/65369bfbF5e78e793/77fddcef28504848.jpg
['真我（realme）'],[' realme GT Neo5 SE '],['骁龙7+ Gen2'],['80-119W'],['生活防水'],['OLED直屏'],未知,https://item.jd.com/100055829051.html?cu=true&utm_source=kong&utm_medium=tuiguang&utm_campaign=t_1000762869_&utm_term=b70a9433e0e04209bfd9d937f6783878,https://img11.360buyimg.com/n1/s450x450_jfs/t1/185365/12/40155/66772/6532b3d6F6bd3e917/e3fee62f4e3e6839.jpg
['vivo'],[' iQOO Z8 '],['天玑8200'],['120-150W'],['不支持防水'],['LCD'],['屏幕高刷新率'],https://item.jd.com/100061826798.html?cu=true&utm_source=kong&utm_medium=tuiguang&utm_campaign=t_1000762869_&utm_term=1d16b78fd3814b0bb23ee8730160dfcb,https://img13.360buyimg.com/n1/s450x450_jfs/t1/199207/39/34849/53346/65378ca9Faa44441e/6b7a50f017662b6a.jpg
['荣耀（HONOR）'],[' 荣耀X40 GT '],['骁龙888'],['50-79W'],['不支持防水'],['LCD'],未知,https://item.jd.com/100042265397.html?cu=true&utm_source=kong&utm_medium=tuiguang&utm_campaign=t_1000762869_&utm_term=9f0e548eeba548fa8d24964bd107ebf3,https://img12.360buyimg.com/n1/s450x450_jfs/t1/188041/9/28595/24477/63469204E0e155b4c/c18bd2097196ccfa.jpg
['一加'],[' 一加Ace 2 Pro '],['骁龙8 Gen2'],['120-150W'],['IPX4'],['OLED曲面屏'],['屏幕指纹，屏幕高刷新率，光学防抖拍照'],https://item.jd.com/100060368518.html?cu=true&utm_source=kong&utm_medium=tuiguang&utm_campaign=t_1000762869_&utm_term=cf9dcf408e354c1b967afd2b4e715b82,https://img13.360buyimg.com/n1/s450x450_jfs/t1/206054/18/36509/78792/6539e952F53ca363b/f80846d3baef37f1.jpg
['真我（realme）'],[' realme GT Neo5 '],['骁龙8+ Gen1'],['120-150W'],['生活防水'],['OLED直屏'],未知,https://item.jd.com/100052502353.html?cu=true&utm_source=kong&utm_medium=tuiguang&utm_campaign=t_1000762869_&utm_term=16691541376c4df9ad6b767db300db78,https://img13.360buyimg.com/n1/s450x450_jfs/t1/187731/25/40426/48204/6532b1bdF19d434e9/583cd5045e350deb.jpg
['真我（realme）'],[' realme GT5 '],['骁龙8 Gen2'],['240W'],['生活防水'],['OLED直屏'],未知,https://item.jd.com/100065762621.html?cu=true&utm_source=kong&utm_medium=tuiguang&utm_campaign=t_1000762869_&utm_term=18e2b599dc974f1698a60edb1fcd0542,https://img11.360buyimg.com/n1/s450x450_jfs/t1/228028/22/563/54638/6532af4cFf55e3537/f033fb6d754df169.jpg
['小米（MI）'],[' 小米12S Pro '],['骁龙8+ Gen1'],['120-150W'],['不支持防水'],['OLED曲面屏'],未知,https://item.jd.com/100027789697.html?cu=true&utm_source=kong&utm_medium=tuiguang&utm_campaign=t_1000762869_&utm_term=8dc9fd239d3e4202b0853875697a624a,https://img12.360buyimg.com/n1/s450x450_jfs/t1/19237/15/17515/125075/62c2b412E8a402019/827e073c69bf4016.jpg
['荣耀（HONOR）'],[' 荣耀80 GT '],['骁龙8+ Gen1'],['50-79W'],['不支持防水'],['OLED直屏'],未知,https://item.jd.com/100040866876.html?cu=true&utm_source=kong&utm_medium=tuiguang&utm_campaign=t_1000762869_&utm_term=93b197d3b7df438a8383352bd61c854f,https://img11.360buyimg.com/n1/s450x450_jfs/t1/234651/27/467/68256/65352796F2f435716/dadd50614874f2bd.jpg
['一加'],[' 一加Ace Pro '],['骁龙8+ Gen1'],['120-150W'],['IPX4'],['OLED直屏'],['屏幕指纹，5G，屏幕高刷新率，防水防尘，NFC'],https://item.jd.com/100044619380.html?cu=true&utm_source=kong&utm_medium=tuiguang&utm_campaign=t_1000762869_&utm_term=af9b7494c09a4ba48775550076821939,https://img10.360buyimg.com/n1/s450x450_jfs/t1/142857/21/28692/264660/62ecd193E577fc9fd/c3c38aab8d35e5db.jpg
['vivo'],[' iQOO Neo8 '],['骁龙8+ Gen1'],['120-150W'],['IP53'],['OLED直屏'],['屏幕指纹，屏幕高刷新率，光学防抖拍照，NFC'],https://item.jd.com/100051092880.html?cu=true&utm_source=kong&utm_medium=tuiguang&utm_campaign=t_1000762869_&utm_term=4b5f61aa62214c6c9aadd059ba5f1e78,https://img10.360buyimg.com/n1/s450x450_jfs/t1/181882/33/38903/75470/65378ca7F6e64c45d/321b9d4f3bf040a3.jpg
['小米（MI）'],[' Redmi K60E '],['天玑8200'],['50-79W'],['IP53'],['OLED直屏'],['屏幕高刷新率，光学防抖拍照，NFC，红外遥控'],https://item.jd.com/100051316897.html?cu=true&utm_source=kong&utm_medium=tuiguang&utm_campaign=t_1000762869_&utm_term=e6236f2ee14140deac0929475343f886,https://img12.360buyimg.com/n1/s450x450_jfs/t1/96266/15/36360/31056/63aab37aFb96e223c/6e0da71c8ddd4368.jpg
['一加'],[' 一加Ace 2 '],['骁龙8+ Gen1'],['80-119W'],['IPX4'],['OLED曲面屏'],['屏幕指纹，屏幕高刷新率，防水防尘，NFC，红外遥控，大底主摄'],https://item.jd.com/100042508892.html?cu=true&utm_source=kong&utm_medium=tuiguang&utm_campaign=t_1000762869_&utm_term=c18afb3fa0b249178584388348e03bb0,https://img12.360buyimg.com/n1/s450x450_jfs/t1/238383/4/593/76498/6539e944Fde6d0ffb/93f9cb872d8d9649.jpg
['一加'],[' 一加Ace 2V '],['天玑9000'],['80-119W'],['IPX4'],['OLED直屏'],['屏幕指纹，屏幕高刷新率，防水防尘，NFC，红外遥控，大底主摄'],https://item.jd.com/100053251673.html?cu=true&utm_source=kong&utm_medium=tuiguang&utm_campaign=t_1000762869_&utm_term=163e93d1752d474b970a4cadad435cf8,https://img13.360buyimg.com/n1/s450x450_jfs/t1/132090/4/40594/66657/6537b33dF71348a38/0faf0c97ea78c691.jpg
['OPPO'],[' OPPO Reno9 Pro+ 5G '],['骁龙8+ Gen1'],['80-119W'],['生活防水'],['OLED曲面屏'],['屏幕指纹，NFC'],https://item.jd.com/100047126821.html?cu=true&utm_source=kong&utm_medium=tuiguang&utm_campaign=t_1000762869_&utm_term=4e8680b957c042748e5a4c33fa2583ff,https://img11.360buyimg.com/n1/s450x450_jfs/t1/97032/34/33664/54617/637ecd14Ebde3126c/b17f81ac4dd63d16.jpg
['荣耀（HONOR）'],[' 荣耀X40 GT竞速版 '],['骁龙888'],['50-79W'],['不支持防水'],['LCD'],未知,https://item.jd.com/100068627151.html?cu=true&utm_source=kong&utm_medium=tuiguang&utm_campaign=t_1000762869_&utm_term=b2b4db3806a745d0b09ef333afdadb29,https://img11.360buyimg.com/n1/s450x450_jfs/t1/96334/15/37805/74038/653a2f21Ff7913a02/776688bc1ede5d40.jpg
['vivo'],[' iQOO Neo8 Pro '],['天玑9200+'],['120-150W'],['IP53'],['OLED直屏'],['屏幕指纹，屏幕高刷新率，光学防抖拍照，NFC'],https://item.jd.com/100051092840.html?cu=true&utm_source=kong&utm_medium=tuiguang&utm_campaign=t_1000762869_&utm_term=f4eec78f2c404d75af32dc4c92c8103e,https://img10.360buyimg.com/n1/s450x450_jfs/t1/236925/20/585/77231/65379955F334c5de0/2d8207fa9a976fa5.jpg
['小米（MI）'],[' Redmi K60 Pro '],['骁龙8 Gen2'],['120-150W'],['IP53'],['OLED直屏'],未知,https://item.jd.com/100041239042.html?cu=true&utm_source=kong&utm_medium=tuiguang&utm_campaign=t_1000762869_&utm_term=981e3244121c4be495e6f5f00e7aebeb,https://img12.360buyimg.com/n1/s450x450_jfs/t1/216803/15/32521/58141/648eeff0F7c282c31/d831d8b9818c96b1.jpg
['OPPO'],[' OPPO K10 5G '],['天玑8000'],['50-79W'],['生活防水'],['LTPS LCD'],['屏幕高刷新率'],https://item.jd.com/100037323622.html?cu=true&utm_source=kong&utm_medium=tuiguang&utm_campaign=t_1000762869_&utm_term=df8e06bd19da4f9a80ce79b45e1e03a6,https://img12.360buyimg.com/n1/s450x450_jfs/t1/228210/11/453/54263/6534df44Ff078b796/898d072b2ff6a09c.jpg
['vivo'],[' iQOO Neo7 SE '],['天玑8200'],['120-150W'],['不支持防水'],['OLED直屏'],未知,https://item.jd.com/100048172463.html?cu=true&utm_source=kong&utm_medium=tuiguang&utm_campaign=t_1000762869_&utm_term=c63021e95c0a411ea702d5a88084bb96,https://img13.360buyimg.com/n1/s450x450_jfs/t1/229348/22/512/68149/6535e8a4Fdb19caa6/2a0212711687a653.jpg
['OPPO'],[' OPPO Reno10 Pro+ 5G '],['骁龙8+ Gen1'],['80-119W'],['IPX4'],['OLED曲面屏'],未知,https://item.jd.com/100052125032.html?cu=true&utm_source=kong&utm_medium=tuiguang&utm_campaign=t_1000762869_&utm_term=6cbb0a8755aa47fc83b3c3b9ba62d0c9,https://img12.360buyimg.com/n1/s450x450_jfs/t1/159338/12/40363/76225/6534c0c1F71f3b416/1e47fd846fe99a7b.jpg
['vivo'],[' iQOO 11S '],['骁龙8 Gen2'],['151-200W'],['生活防水'],['OLED直屏'],['E6材质，屏幕指纹，屏幕高刷新率，NFC'],https://item.jd.com/100055626080.html?cu=true&utm_source=kong&utm_medium=tuiguang&utm_campaign=t_1000762869_&utm_term=1f69d1ec166942249b8df87608bb62f1,https://img10.360buyimg.com/n1/s450x450_jfs/t1/114413/19/42450/104973/65351d12F2eff9076/c1a4abdf016fd795.jpg
['小米（MI）'],[' Redmi Note 13 Pro '],['骁龙7s Gen2'],['50-79W'],['IP54'],['OLED直屏'],未知,https://item.jd.com/100068892967.html?cu=true&utm_source=kong&utm_medium=tuiguang&utm_campaign=t_1000762869_&utm_term=0670bf9aeb084d5f9da66c143bf325fd,https://img12.360buyimg.com/n1/s450x450_jfs/t1/123912/2/39877/64378/652f9baeF58e5e6a3/ec3d064d640201cf.jpg
['vivo'],[' iQOO Z7 '],['骁龙782G'],['120-150W'],['不支持防水'],['LCD'],未知,https://item.jd.com/100045503730.html?cu=true&utm_source=kong&utm_medium=tuiguang&utm_campaign=t_1000762869_&utm_term=8b5537903ce8405eb4e9412aa23ea584,https://img10.360buyimg.com/n1/s450x450_jfs/t1/123509/38/40474/68003/65361898F3ed19b75/f2f0b97cfe27d633.jpg
['荣耀（HONOR）'],[' 荣耀80 Pro '],['骁龙8+ Gen1'],['50-79W'],['不支持防水'],['OLED直屏'],未知,https://item.jd.com/100051639045.html?cu=true&utm_source=kong&utm_medium=tuiguang&utm_campaign=t_1000762869_&utm_term=5b39cd67ce5e4ab082481c15c479a6f5,https://img10.360buyimg.com/n1/s450x450_jfs/t1/220687/7/13535/58223/63b58bdfF6531a539/52cad29877359f82.jpg
['vivo'],[' vivo X90 '],['天玑9200'],['120-150W'],['生活防水'],['OLED曲面屏'],未知,https://item.jd.com/100043413802.html?cu=true&utm_source=kong&utm_medium=tuiguang&utm_campaign=t_1000762869_&utm_term=dcc34f971bb14500af6a8fd4178f84b0,https://img12.360buyimg.com/n1/s450x450_jfs/t1/163821/22/39474/115821/65186acbF82af2dd7/b60ded683fc184a4.jpg
['小米（MI）'],[' Redmi Note 11T Pro+ '],['天玑8100'],['120-150W'],['生活防水'],['LCD'],未知,https://item.jd.com/100023150137.html?cu=true&utm_source=kong&utm_medium=tuiguang&utm_campaign=t_1000762869_&utm_term=0402278347354292ae7e37c6ec1111e2,https://img12.360buyimg.com/n1/s450x450_jfs/t1/28483/9/16800/68572/628cb2e9Ef114c674/5fbe663735f63657.jpg
['小米（MI）'],[' Redmi Note 13 Pro+ '],['天玑7200-Ultra'],['120-150W'],['IP68'],['OLED曲面屏'],未知,https://item.jd.com/10085852346082.html?cu=true&utm_source=kong&utm_medium=tuiguang&utm_campaign=t_1000762869_&utm_term=2b1f554ae5d743a7b8f1451aa4d15c91,https://img12.360buyimg.com/n1/s450x450_jfs/t1/230454/2/454/71812/6535e769F65f4b85e/042be7ae9ce6f495.jpg
['小米（MI）'],[' 小米13 '],['骁龙8 Gen2'],['50-79W'],['IP68'],['OLED直屏'],未知,https://item.jd.com/100049486743.html?cu=true&utm_source=kong&utm_medium=tuiguang&utm_campaign=t_1000762869_&utm_term=4bd3e842cc544e9c92f1d6791a62cff3,https://img13.360buyimg.com/n1/s450x450_jfs/t1/102740/9/37262/80065/6530ab8eF8102a676/b15380d47c841abd.jpg
['vivo'],[' iQOO Neo7 '],['天玑8200'],['120-150W'],['不支持防水'],['OLED直屏'],未知,https://item.jd.com/100048172463.html?cu=true&utm_source=kong&utm_medium=tuiguang&utm_campaign=t_1000762869_&utm_term=8f73b56c814344ea9f8dfcb5cbc11016,https://img13.360buyimg.com/n1/s450x450_jfs/t1/229348/22/512/68149/6535e8a4Fdb19caa6/2a0212711687a653.jpg
['vivo'],[' vivo X90s '],['天玑9200+'],['120-150W'],['不支持防水'],['未上市'],未知,https://item.jd.com/100064056488.html?cu=true&utm_source=kong&utm_medium=tuiguang&utm_campaign=t_1000762869_&utm_term=bc3df067d62c4496b2caf3bfa450a25d,https://img13.360buyimg.com/n1/s450x450_jfs/t1/118860/21/41722/107750/6502dc40F4500cf8e/dfabd120fd3fc93d.jpg
['努比亚（nubia）'],[' 红魔8S Pro '],['骁龙8 Gen2 领先版'],['80-119W'],['生活防水'],['OLED直屏'],['屏幕高刷新率'],https://item.jd.com/100061689359.html?cu=true&utm_source=kong&utm_medium=tuiguang&utm_campaign=t_1000762869_&utm_term=cf01157b13524f34898928bc21768f77,https://img14.360buyimg.com/n1/s450x450_jfs/t1/226650/24/693/103366/6535c0e3F746337b9/e639f719a83731f2.jpg
['三星（SAMSUNG）'],[' 三星Galaxy S23 '],['骁龙8 Gen2'],['以官网信息为准'],['IP68'],['OLED直屏'],未知,https://item.jd.com/100042368194.html?cu=true&utm_source=kong&utm_medium=tuiguang&utm_campaign=t_1000762869_&utm_term=dd000379a5244e15bca072e19fa6f555,https://img14.360buyimg.com/n1/s450x450_jfs/t1/196705/28/41261/53451/653652fdFdbbe0c13/1e2978eb0efd3ea6.jpg
['一加'],[' 一加手机11 '],['骁龙8 Gen2'],['80-119W'],['IPX4'],['OLED曲面屏'],['屏幕指纹，屏幕高刷新率，NFC'],https://item.jd.com/100040195622.html?cu=true&utm_source=kong&utm_medium=tuiguang&utm_campaign=t_1000762869_&utm_term=422e6ce48217427da47fa2a521e05c43,https://img12.360buyimg.com/n1/s450x450_jfs/t1/113213/21/45444/60957/65354937Fb6bace10/705c71e07276a066.jpg
['努比亚（nubia）'],[' 努比亚Z50 Ultra '],['骁龙8 Gen2'],['80-119W'],['生活防水'],['OLED直屏'],未知,https://item.jd.com/100045180344.html?cu=true&utm_source=kong&utm_medium=tuiguang&utm_campaign=t_1000762869_&utm_term=e01e94e6ec9c4099bb819585f2160ab1,https://img14.360buyimg.com/n1/s450x450_jfs/t1/189370/6/37455/97922/6502aef9F47dd1f45/915d80cb46890cd2.jpg
['荣耀（HONOR）'],[' 荣耀80 '],['骁龙782G'],['50-79W'],['不支持防水'],['OLED曲面屏'],未知,https://item.jd.com/100048275999.html?cu=true&utm_source=kong&utm_medium=tuiguang&utm_campaign=t_1000762869_&utm_term=850550d27e774da4b9203b4fde0af8ae,https://img14.360buyimg.com/n1/s450x450_jfs/t1/93274/3/45557/41973/6534fccbF31d3f937/97d959c8bfb55bdb.jpg
['小米（MI）'],[' 小米Civi 3 '],['天玑8200-Ultra'],['50-79W'],['IP53'],['OLED曲面屏'],未知,https://item.jd.com/100052684910.html?cu=true&utm_source=kong&utm_medium=tuiguang&utm_campaign=t_1000762869_&utm_term=e71244240192496bbeb88661e5f496ef,https://img10.360buyimg.com/n1/s450x450_jfs/t1/233209/2/197/68592/6530d648Fb31a7527/d432edf85770546a.jpg
['荣耀（HONOR）'],[' 荣耀70 '],['骁龙778G+'],['50-79W'],['不支持防水'],['OLED曲面屏'],未知,https://item.jd.com/100023070501.html?cu=true&utm_source=kong&utm_medium=tuiguang&utm_campaign=t_1000762869_&utm_term=29bab136d365411d8c4dc908e340aafc,https://img11.360buyimg.com/n1/s450x450_jfs/t1/128928/2/26322/49074/632873d4E0126386e/33882a86e930cde5.jpg
['荣耀（HONOR）'],[' 荣耀Magic5 '],['骁龙8 Gen2'],['50-79W'],[],['OLED曲面屏'],['屏幕指纹，屏幕高刷新率，高倍率变焦，NFC，红外遥控，大底主摄'],https://item.jd.com/100045099822.html?cu=true&utm_source=kong&utm_medium=tuiguang&utm_campaign=t_1000762869_&utm_term=556acfb8424445bea77bb6b6986e218b,https://img12.360buyimg.com/n1/s450x450_jfs/t1/222936/18/29616/89711/6538cf36F8e6b0397/9c40b4aa67d34c2e.jpg
['荣耀（HONOR）'],[' 荣耀90 Pro '],['骁龙8+ Gen1'],['80-119W'],['不支持防水'],['OLED曲面屏'],未知,https://item.jd.com/100053093138.html?cu=true&utm_source=kong&utm_medium=tuiguang&utm_campaign=t_1000762869_&utm_term=8e3a994a4ebe4594991cc31b7e354c08,https://img13.360buyimg.com/n1/s450x450_jfs/t1/236648/29/619/99783/6538ee9aFdd4940b8/ac20fe3ca9deb101.jpg
['小米（MI）'],[' 小米13 Pro '],['骁龙8 Gen2'],['120-150W'],['IP68'],['OLED曲面屏'],未知,https://item.jd.com/100049486749.html?cu=true&utm_source=kong&utm_medium=tuiguang&utm_campaign=t_1000762869_&utm_term=ca5c5dc51caf4692a1f5a566bdaf29f3,https://img14.360buyimg.com/n1/s450x450_jfs/t1/101875/16/31999/17274/6395a937E971b313b/f6f90b0c74a6acb7.jpg
['OPPO'],[' OPPO Find X6 '],['天玑9200'],['80-119W'],['IPX4'],['OLED曲面屏'],['屏幕指纹，屏幕高刷新率，光学防抖拍照，高倍率变焦，潜望式长焦，防水防尘，NFC，红外遥控'],https://item.jd.com/100046131136.html?cu=true&utm_source=kong&utm_medium=tuiguang&utm_campaign=t_1000762869_&utm_term=ca697d385e374f10a274820159a99039,https://img11.360buyimg.com/n1/s450x450_jfs/t1/233594/5/535/67487/65364fe2Ff1bbce60/7504fc13bf4069df.jpg
['vivo'],[' vivo S17e '],['天玑7200'],['50-79W'],['不支持防水'],['OLED曲面屏'],未知,https://item.jd.com/100051541142.html?cu=true&utm_source=kong&utm_medium=tuiguang&utm_campaign=t_1000762869_&utm_term=9a6b63b2723846198871102f5519a472,https://img12.360buyimg.com/n1/s450x450_jfs/t1/89702/2/45177/62263/653672faFc2e800fb/c434c21a10e5ff4b.jpg
['华为（HUAWEI）'],[' 华为nova 10 '],['骁龙778G'],['50-79W'],['不支持防水'],['OLED曲面屏'],未知,https://item.jd.com/100027028269.html?cu=true&utm_source=kong&utm_medium=tuiguang&utm_campaign=t_1000762869_&utm_term=d7a1b5e27cfe4a46bfd95d670deff456,https://img14.360buyimg.com/n1/s450x450_jfs/t1/188028/32/35637/35279/64c715d0Fe7233b67/d365def0e7f4276c.jpg
['vivo'],[' vivo S17 Pro '],['天玑8200'],['80-119W'],['生活防水'],['OLED曲面屏'],未知,https://item.jd.com/100052820590.html?cu=true&utm_source=kong&utm_medium=tuiguang&utm_campaign=t_1000762869_&utm_term=05f2f01a8aae44da9e6a5b8e4953fa99,https://img10.360buyimg.com/n1/s450x450_jfs/t1/98237/10/39151/82948/6534f9eeFc089cb68/bf75d43633a60a69.jpg
['vivo'],[' iQOO 11 Pro '],['骁龙8 Gen2'],['151-200W'],['不支持防水'],['OLED曲面屏'],未知,https://item.jd.com/100048172505.html?cu=true&utm_source=kong&utm_medium=tuiguang&utm_campaign=t_1000762869_&utm_term=be91220d06014bcaa667c9f8e70d1bf8,https://img10.360buyimg.com/n1/s450x450_jfs/t1/177673/39/40683/76925/6536319bF518e0feb/b4d909c9277322dd.jpg
['OPPO'],[' OPPO Reno10 Pro 5G '],['骁龙8+ Gen1'],['80-119W'],['IPX4'],['OLED曲面屏'],未知,https://item.jd.com/100052125032.html?cu=true&utm_source=kong&utm_medium=tuiguang&utm_campaign=t_1000762869_&utm_term=1b0e559f398245cca86c1b8f9c1668d2,https://img12.360buyimg.com/n1/s450x450_jfs/t1/159338/12/40363/76225/6534c0c1F71f3b416/1e47fd846fe99a7b.jpg
['荣耀（HONOR）'],[' 荣耀Magic5 Pro '],['骁龙8 Gen2'],['50-79W'],['IP68'],['OLED曲面屏'],['LTPO屏幕，屏幕指纹，屏幕高刷新率，光学防抖拍照，高倍率变焦，潜望式长焦，防水防尘，NFC，红外遥控，大底主摄'],https://item.jd.com/100053888577.html?cu=true&utm_source=kong&utm_medium=tuiguang&utm_campaign=t_1000762869_&utm_term=11eab24ed95a47858f4f5041b4325e76,https://img12.360buyimg.com/n1/s450x450_jfs/t1/207697/31/29930/66732/63fc3a82Fc2e3ec9f/35a40a693b34e11d.jpg
['荣耀（HONOR）'],[' 荣耀90 '],['骁龙7系列'],['50-79W'],['不支持防水'],['OLED曲面屏'],未知,https://item.jd.com/100052541468.html?cu=true&utm_source=kong&utm_medium=tuiguang&utm_campaign=t_1000762869_&utm_term=94d9c24f84ae47d0afa4356a02133b9b,https://img13.360buyimg.com/n1/s450x450_jfs/t1/94601/9/42242/100671/6538ee4bF898b0f42/f393ec1278b5666e.jpg
['OPPO'],[' OPPO Find X6 Pro '],['骁龙8 Gen2'],['80-119W'],['IP68'],['OLED曲面屏'],['LTPO屏幕，E6材质，屏幕指纹，屏幕高刷新率，光学防抖拍照，高倍率变焦，潜望式长焦，防水防尘，无线充电，NFC，红外遥控'],https://item.jd.com/100054574041.html?cu=true&utm_source=kong&utm_medium=tuiguang&utm_campaign=t_1000762869_&utm_term=8aaa8dd5a67a4559b00bcabec36140b3,https://img11.360buyimg.com/n1/s450x450_jfs/t1/189039/6/40696/73945/653650e0Fc7003bbf/eb9f869d8e595deb.jpg
['小米（MI）'],[' 小米13 Ultra '],['骁龙8 Gen2'],['80-119W'],['IP68'],['OLED曲面屏'],未知,https://item.jd.com/100056974405.html?cu=true&utm_source=kong&utm_medium=tuiguang&utm_campaign=t_1000762869_&utm_term=2ac52f5cd474422087dc0de8d783cd09,https://img10.360buyimg.com/n1/s450x450_jfs/t1/78873/16/25462/106471/6530b794Fa694582d/f1481cf9ffce746e.jpg
['vivo'],[' vivo X90 Pro+ '],['骁龙8 Gen2'],['80-119W'],['IP68'],['OLED曲面屏'],未知,https://item.jd.com/10066163292555.html?cu=true&utm_source=kong&utm_medium=tuiguang&utm_campaign=t_1000762869_&utm_term=a553bb1cf34f4d1a821a10f01f31ee75,https://img10.360buyimg.com/n1/s450x450_jfs/t1/194495/23/40561/105743/653795a2F52022700/716364ddf70e6933.jpg
['华为（HUAWEI）'],[' 华为Mate 50 '],['未公布'],['50-79W'],['IP68'],['OLED直屏'],未知,https://item.jd.com/100037199917.html?cu=true&utm_source=kong&utm_medium=tuiguang&utm_campaign=t_1000762869_&utm_term=8ba0380f7cac4f94b4432db395dfb2e9,https://img12.360buyimg.com/n1/s450x450_jfs/t1/192947/26/40655/93708/6534cf4cF9d68a94e/fe0859af4fe4193b.jpg
['华为（HUAWEI）'],[' 华为P60 '],['骁龙8系列 4G'],['50-79W'],['IP68'],['OLED曲面屏'],未知,https://item.jd.com/100054651297.html?cu=true&utm_source=kong&utm_medium=tuiguang&utm_campaign=t_1000762869_&utm_term=d76b5c6af01f4c3a8d2226ba8a57743e,https://img12.360buyimg.com/n1/s450x450_jfs/t1/227219/18/761/99812/6535f583F8a317452/5b56f557c8e63cf6.jpg
['vivo'],[' vivo S17 '],['骁龙778G+'],['80-119W'],['生活防水'],['OLED曲面屏'],未知,https://item.jd.com/100058057444.html?cu=true&utm_source=kong&utm_medium=tuiguang&utm_campaign=t_1000762869_&utm_term=ade633b6bc0041e492523127ef40b4b4,https://img14.360buyimg.com/n1/s450x450_jfs/t1/145610/15/39233/82171/6534f9f2F17ba7334/defacc9fd3ab207d.jpg
['华为（HUAWEI）'],[' 华为nova 11 '],['骁龙778G'],['50-79W'],['不支持防水'],['OLED直屏'],['屏幕指纹，屏幕高刷新率，NFC'],https://item.jd.com/100049696240.html?cu=true&utm_source=kong&utm_medium=tuiguang&utm_campaign=t_1000762869_&utm_term=b59aef084d2249bcbc91b13db18e3241,https://img10.360buyimg.com/n1/s450x450_jfs/t1/112923/16/36334/88727/6535fa1eFff344b73/b7a5b19c42d8a953.jpg
['荣耀（HONOR）'],[' 荣耀Magic5 至臻版 '],['骁龙8 Gen2'],['50-79W'],['IP68'],['OLED曲面屏'],['屏幕指纹，屏幕高刷新率，5G，光学防抖拍照，高倍率变焦，潜望式长焦，防水防尘，NFC，红外遥控，大底主摄，VC散热'],https://item.jd.com/100054077501.html?cu=true&utm_source=kong&utm_medium=tuiguang&utm_campaign=t_1000762869_&utm_term=5ff4847e9ecf4e24ad4b1470f9238024,https://img11.360buyimg.com/n1/s450x450_jfs/t1/95380/33/36720/54962/6401dd6cF3d665f53/e1e019d060de896a.jpg
['华为（HUAWEI）'],[' 华为P60 Pro '],['骁龙8系列 4G'],['80-119W'],['IP68'],['OLED曲面屏'],未知,https://item.jd.com/100046247596.html?cu=true&utm_source=kong&utm_medium=tuiguang&utm_campaign=t_1000762869_&utm_term=9070d5dc0c8f4ceab1a3cfc96852a961,https://img11.360buyimg.com/n1/s450x450_jfs/t1/109444/23/25656/100055/6535f6bbF71706cb9/30c1d38e2065d0f4.jpg
['华为（HUAWEI）'],[' 华为Mate 50 Pro '],['未公布'],['50-79W'],['IP68'],['OLED曲面屏'],未知,https://item.jd.com/100037199895.html?cu=true&utm_source=kong&utm_medium=tuiguang&utm_campaign=t_1000762869_&utm_term=b90f4a2ed21f4ff8804936e4ce00a922,https://img10.360buyimg.com/n1/s450x450_jfs/t1/237367/30/347/105530/6534d34eF59c0cef4/61a98319a63d412a.jpg
['三星（SAMSUNG）'],[' 三星Galaxy S23 Ultra '],['骁龙8 Gen2'],['以官网信息为准'],['IP68'],['OLED曲面屏'],未知,https://item.jd.com/100042368208.html?cu=true&utm_source=kong&utm_medium=tuiguang&utm_campaign=t_1000762869_&utm_term=72ee30cc9444490ca2663ab0b16565fb,https://img13.360buyimg.com/n1/s450x450_jfs/t1/236219/19/825/59035/653a8eb9Fcdb5b766/1e7dd972ced548c6.jpg
['小米（MI）'],[' 小米MIX Fold 3 '],['骁龙8 Gen2 领先版'],['50-79W'],['生活防水'],['OLED折叠屏'],未知,https://item.jd.com/100061802376.html?cu=true&utm_source=kong&utm_medium=tuiguang&utm_campaign=t_1000762869_&utm_term=235a24c53fd242aa8ad26c2ce5dd55ab,https://img11.360buyimg.com/n1/s450x450_jfs/t1/225595/23/237/107648/6530d7f5F01fb24f5/46d39de7a5f4b2d5.jpg
['华为（HUAWEI）'],[' 华为P60 Art '],['骁龙8系列 4G'],['80-119W'],['IP68'],['OLED曲面屏'],未知,https://item.jd.com/100054651265.html?cu=true&utm_source=kong&utm_medium=tuiguang&utm_campaign=t_1000762869_&utm_term=04bd02b4ed1147259aaddcee15e2fae8,https://img10.360buyimg.com/n1/s450x450_jfs/t1/194987/27/39458/90422/6535f88aF6b70584a/ffbc5288ff574d04.jpg
['三星（SAMSUNG）'],[' 三星Galaxy S22 Ultra 5G (8 Gen1) '],['骁龙8 Gen1'],['26-49W'],['IP68'],['OLED曲面屏'],未知,https://item.jd.com/100018354355.html?cu=true&utm_source=kong&utm_medium=tuiguang&utm_campaign=t_1000762869_&utm_term=5229fc308c3744258deaaf2b8d7dc16a,https://img10.360buyimg.com/n1/s450x450_jfs/t1/109857/14/42578/74990/65365261F811f8521/9278604e9b065fe8.jpg
['荣耀（HONOR）'],[' 荣耀Magic V2 '],['骁龙8 Gen2 领先版'],['50-79W'],[],['OLED折叠屏'],未知,https://item.jd.com/100058376972.html?cu=true&utm_source=kong&utm_medium=tuiguang&utm_campaign=t_1000762869_&utm_term=5319e1c2c1ce4659ab9ab750d7536655,https://img12.360buyimg.com/n1/s450x450_jfs/t1/195072/2/40783/79616/6538eb1dFaaf30f88/811f1b15bc1a66f2.jpg
['三星（SAMSUNG）'],[' 三星Galaxy Z Fold5 '],['骁龙8 Gen2 领先版'],['25W及以下'],['IPX8'],['OLED折叠屏'],未知,https://item.jd.com/100062873921.html?cu=true&utm_source=kong&utm_medium=tuiguang&utm_campaign=t_1000762869_&utm_term=bb8162c000324efda47f197a9f5aae46,https://img11.360buyimg.com/n1/s450x450_jfs/t1/192333/28/40303/72285/65365500F3009e82d/09993feabf887b1b.jpg
['荣耀（HONOR）'],[' 荣耀Magic V2 '],['骁龙8 Gen2 领先版'],['50-79W'],[],['OLED折叠屏'],未知,https://item.jd.com/100058376972.html?cu=true&utm_source=kong&utm_medium=tuiguang&utm_campaign=t_1000762869_&utm_term=e44884beb8314c39b176fc4f90c7cc85,https://img12.360buyimg.com/n1/s450x450_jfs/t1/195072/2/40783/79616/6538eb1dFaaf30f88/811f1b15bc1a66f2.jpg
['三星（SAMSUNG）'],[' 三星Galaxy S23 Ultra '],['骁龙8 Gen2'],['以官网信息为准'],['IP68'],['OLED曲面屏'],未知,https://item.jd.com/100042368208.html?cu=true&utm_source=kong&utm_medium=tuiguang&utm_campaign=t_1000762869_&utm_term=665a6816480e4ff8853b47dd6332b8a3,https://img13.360buyimg.com/n1/s450x450_jfs/t1/236219/19/825/59035/653a8eb9Fcdb5b766/1e7dd972ced548c6.jpg
['真我（realme）'],[' realme GT5 '],['骁龙8 Gen2'],['240W'],['生活防水'],['OLED直屏'],未知,https://item.jd.com/100065762621.html?cu=true&utm_source=kong&utm_medium=tuiguang&utm_campaign=t_1000762869_&utm_term=b08bdc185e09483c8175e1099603c9e9,https://img11.360buyimg.com/n1/s450x450_jfs/t1/228028/22/563/54638/6532af4cFf55e3537/f033fb6d754df169.jpg
['努比亚（nubia）'],[' 努比亚Z50 Ultra '],['骁龙8 Gen2'],['80-119W'],['生活防水'],['OLED直屏'],未知,https://item.jd.com/100045180344.html?cu=true&utm_source=kong&utm_medium=tuiguang&utm_campaign=t_1000762869_&utm_term=3fd97d19ec9c4b2aafd28f2a5b34dfc8,https://img14.360buyimg.com/n1/s450x450_jfs/t1/189370/6/37455/97922/6502aef9F47dd1f45/915d80cb46890cd2.jpg
['vivo'],[' vivo X90 Pro+ '],['骁龙8 Gen2'],['80-119W'],['IP68'],['OLED曲面屏'],未知,https://item.jd.com/10066163292555.html?cu=true&utm_source=kong&utm_medium=tuiguang&utm_campaign=t_1000762869_&utm_term=ee2b2b33271c4e9bb086ab83d0cdc0a4,https://img10.360buyimg.com/n1/s450x450_jfs/t1/194495/23/40561/105743/653795a2F52022700/716364ddf70e6933.jpg
['三星（SAMSUNG）'],[' 三星Galaxy S23 '],['骁龙8 Gen2'],['以官网信息为准'],['IP68'],['OLED直屏'],未知,https://item.jd.com/100042368194.html?cu=true&utm_source=kong&utm_medium=tuiguang&utm_campaign=t_1000762869_&utm_term=13342777cb364423aa0d499e71a685e0,https://img14.360buyimg.com/n1/s450x450_jfs/t1/196705/28/41261/53451/653652fdFdbbe0c13/1e2978eb0efd3ea6.jpg
['小米（MI）'],[' 小米13 Pro '],['骁龙8 Gen2'],['120-150W'],['IP68'],['OLED曲面屏'],未知,https://item.jd.com/100049486749.html?cu=true&utm_source=kong&utm_medium=tuiguang&utm_campaign=t_1000762869_&utm_term=d0788aa672b3475d963d0c14c0ba62cd,https://img14.360buyimg.com/n1/s450x450_jfs/t1/101875/16/31999/17274/6395a937E971b313b/f6f90b0c74a6acb7.jpg
['荣耀（HONOR）'],[' 荣耀Magic5 至臻版 '],['骁龙8 Gen2'],['50-79W'],['IP68'],['OLED曲面屏'],['屏幕指纹，屏幕高刷新率，5G，光学防抖拍照，高倍率变焦，潜望式长焦，防水防尘，NFC，红外遥控，大底主摄，VC散热'],https://item.jd.com/100054077501.html?cu=true&utm_source=kong&utm_medium=tuiguang&utm_campaign=t_1000762869_&utm_term=141c0ac467ef4412a1e8ee7f1767a75e,https://img11.360buyimg.com/n1/s450x450_jfs/t1/95380/33/36720/54962/6401dd6cF3d665f53/e1e019d060de896a.jpg
['荣耀（HONOR）'],[' 荣耀X40 GT '],['骁龙888'],['50-79W'],['不支持防水'],['LCD'],未知,https://item.jd.com/100042265397.html?cu=true&utm_source=kong&utm_medium=tuiguang&utm_campaign=t_1000762869_&utm_term=93f9f71711cc4cf694f22d357fd08d2e,https://img12.360buyimg.com/n1/s450x450_jfs/t1/188041/9/28595/24477/63469204E0e155b4c/c18bd2097196ccfa.jpg
['荣耀（HONOR）'],[' 荣耀Magic5 Pro '],['骁龙8 Gen2'],['50-79W'],['IP68'],['OLED曲面屏'],['LTPO屏幕，屏幕指纹，屏幕高刷新率，光学防抖拍照，高倍率变焦，潜望式长焦，防水防尘，NFC，红外遥控，大底主摄'],https://item.jd.com/100053888577.html?cu=true&utm_source=kong&utm_medium=tuiguang&utm_campaign=t_1000762869_&utm_term=b33c87c0b9aa408cb1d2564329fd3fdf,https://img12.360buyimg.com/n1/s450x450_jfs/t1/207697/31/29930/66732/63fc3a82Fc2e3ec9f/35a40a693b34e11d.jpg
['小米（MI）'],[' 小米13 Ultra '],['骁龙8 Gen2'],['80-119W'],['IP68'],['OLED曲面屏'],未知,https://item.jd.com/100056974405.html?cu=true&utm_source=kong&utm_medium=tuiguang&utm_campaign=t_1000762869_&utm_term=08af9303c5614bebbabc47892a7d1745,https://img10.360buyimg.com/n1/s450x450_jfs/t1/78873/16/25462/106471/6530b794Fa694582d/f1481cf9ffce746e.jpg
['一加'],[' 一加Ace 2 Pro '],['骁龙8 Gen2'],['120-150W'],['IPX4'],['OLED曲面屏'],['屏幕指纹，屏幕高刷新率，光学防抖拍照'],https://item.jd.com/100060368518.html?cu=true&utm_source=kong&utm_medium=tuiguang&utm_campaign=t_1000762869_&utm_term=302d3b55e0034a18816c396e358cdde4,https://img13.360buyimg.com/n1/s450x450_jfs/t1/206054/18/36509/78792/6539e952F53ca363b/f80846d3baef37f1.jpg
['一加'],[' 一加手机11 '],['骁龙8 Gen2'],['80-119W'],['IPX4'],['OLED曲面屏'],['屏幕指纹，屏幕高刷新率，NFC'],https://item.jd.com/100040195622.html?cu=true&utm_source=kong&utm_medium=tuiguang&utm_campaign=t_1000762869_&utm_term=534fca2ad5714fa3b933ec08d09836cd,https://img12.360buyimg.com/n1/s450x450_jfs/t1/113213/21/45444/60957/65354937Fb6bace10/705c71e07276a066.jpg
['OPPO'],[' OPPO Find X6 Pro '],['骁龙8 Gen2'],['80-119W'],['IP68'],['OLED曲面屏'],['LTPO屏幕，E6材质，屏幕指纹，屏幕高刷新率，光学防抖拍照，高倍率变焦，潜望式长焦，防水防尘，无线充电，NFC，红外遥控'],https://item.jd.com/100054574041.html?cu=true&utm_source=kong&utm_medium=tuiguang&utm_campaign=t_1000762869_&utm_term=a2bd50d558b14c0d93e17455cc909faf,https://img11.360buyimg.com/n1/s450x450_jfs/t1/189039/6/40696/73945/653650e0Fc7003bbf/eb9f869d8e595deb.jpg
['华为（HUAWEI）'],[' 华为P60 Art '],['骁龙8系列 4G'],['80-119W'],['IP68'],['OLED曲面屏'],未知,https://item.jd.com/100054651265.html?cu=true&utm_source=kong&utm_medium=tuiguang&utm_campaign=t_1000762869_&utm_term=e708be986cb841b9a9e8cae063b6e973,https://img10.360buyimg.com/n1/s450x450_jfs/t1/194987/27/39458/90422/6535f88aF6b70584a/ffbc5288ff574d04.jpg
['小米（MI）'],[' 小米13 '],['骁龙8 Gen2'],['50-79W'],['IP68'],['OLED直屏'],未知,https://item.jd.com/100049486743.html?cu=true&utm_source=kong&utm_medium=tuiguang&utm_campaign=t_1000762869_&utm_term=63356436e4c2466e8599c5fa9265f93c,https://img13.360buyimg.com/n1/s450x450_jfs/t1/102740/9/37262/80065/6530ab8eF8102a676/b15380d47c841abd.jpg
['华为（HUAWEI）'],[' 华为Mate 50 Pro '],['未公布'],['50-79W'],['IP68'],['OLED曲面屏'],未知,https://item.jd.com/100037199895.html?cu=true&utm_source=kong&utm_medium=tuiguang&utm_campaign=t_1000762869_&utm_term=792ff02873d84e92b48831054a6ab545,https://img10.360buyimg.com/n1/s450x450_jfs/t1/237367/30/347/105530/6534d34eF59c0cef4/61a98319a63d412a.jpg
['vivo'],[' iQOO 11 Pro '],['骁龙8 Gen2'],['151-200W'],['不支持防水'],['OLED曲面屏'],未知,https://item.jd.com/100048172505.html?cu=true&utm_source=kong&utm_medium=tuiguang&utm_campaign=t_1000762869_&utm_term=4383856923584e75923a9875b267c58a,https://img10.360buyimg.com/n1/s450x450_jfs/t1/177673/39/40683/76925/6536319bF518e0feb/b4d909c9277322dd.jpg
['vivo'],[' iQOO Z8 '],['天玑8200'],['120-150W'],['不支持防水'],['LCD'],['屏幕高刷新率'],https://item.jd.com/100061826798.html?cu=true&utm_source=kong&utm_medium=tuiguang&utm_campaign=t_1000762869_&utm_term=b2cb29fab101469889440de9cc0ba8aa,https://img13.360buyimg.com/n1/s450x450_jfs/t1/199207/39/34849/53346/65378ca9Faa44441e/6b7a50f017662b6a.jpg
['vivo'],[' vivo X90s '],['天玑9200+'],['120-150W'],['不支持防水'],['未上市'],未知,https://item.jd.com/100064056488.html?cu=true&utm_source=kong&utm_medium=tuiguang&utm_campaign=t_1000762869_&utm_term=93209113713b40d59d5966ca3762075e,https://img13.360buyimg.com/n1/s450x450_jfs/t1/118860/21/41722/107750/6502dc40F4500cf8e/dfabd120fd3fc93d.jpg
['荣耀（HONOR）'],[' 荣耀90 Pro '],['骁龙8+ Gen1'],['80-119W'],['不支持防水'],['OLED曲面屏'],未知,https://item.jd.com/100053093138.html?cu=true&utm_source=kong&utm_medium=tuiguang&utm_campaign=t_1000762869_&utm_term=87b701a9d99c4d0781a5ca2942d14951,https://img13.360buyimg.com/n1/s450x450_jfs/t1/236648/29/619/99783/6538ee9aFdd4940b8/ac20fe3ca9deb101.jpg
['OPPO'],[' OPPO K10 5G '],['天玑8000'],['50-79W'],['生活防水'],['LTPS LCD'],['屏幕高刷新率'],https://item.jd.com/100037323622.html?cu=true&utm_source=kong&utm_medium=tuiguang&utm_campaign=t_1000762869_&utm_term=a938cf91336041279384ec1937062b66,https://img12.360buyimg.com/n1/s450x450_jfs/t1/228210/11/453/54263/6534df44Ff078b796/898d072b2ff6a09c.jpg
['小米（MI）'],[' Redmi Note 12 Turbo '],['骁龙7+ Gen2'],['50-79W'],['IP53'],['OLED直屏'],未知,https://item.jd.com/100047302022.html?cu=true&utm_source=kong&utm_medium=tuiguang&utm_campaign=t_1000762869_&utm_term=a4a4ada958cb4607a553e7a478ac1c54,https://img12.360buyimg.com/n1/s450x450_jfs/t1/234331/29/521/72466/65363fedFbe029148/713767d0d8636cd2.jpg
['三星（SAMSUNG）'],[' 三星Galaxy S22 Ultra 5G (8 Gen1) '],['骁龙8 Gen1'],['26-49W'],['IP68'],['OLED曲面屏'],未知,https://item.jd.com/100018354355.html?cu=true&utm_source=kong&utm_medium=tuiguang&utm_campaign=t_1000762869_&utm_term=fdbae0de9a7c4a2bb5e2b11ae6be64bb,https://img10.360buyimg.com/n1/s450x450_jfs/t1/109857/14/42578/74990/65365261F811f8521/9278604e9b065fe8.jpg
['联想（Lenovo）'],[' 拯救者Y70 '],['骁龙8+ Gen1'],['50-79W'],['不支持防水'],['OLED直屏'],['屏幕高刷新率，5G，NFC'],https://item.jd.com/100034120757.html?cu=true&utm_source=kong&utm_medium=tuiguang&utm_campaign=t_1000762869_&utm_term=76f0ade74a6847b288c137522c9b6b98,https://img12.360buyimg.com/n1/s450x450_jfs/t1/121864/11/25347/76990/62fdb215Ef80ac210/075088e7a2c86a28.jpg
['小米（MI）'],[' Redmi K60 Pro '],['骁龙8 Gen2'],['120-150W'],['IP53'],['OLED直屏'],未知,https://item.jd.com/100041239042.html?cu=true&utm_source=kong&utm_medium=tuiguang&utm_campaign=t_1000762869_&utm_term=8e77f6ce0e68456ebd86649d3da4e4f5,https://img12.360buyimg.com/n1/s450x450_jfs/t1/216803/15/32521/58141/648eeff0F7c282c31/d831d8b9818c96b1.jpg
['vivo'],[' vivo X90 '],['天玑9200'],['120-150W'],['生活防水'],['OLED曲面屏'],未知,https://item.jd.com/100043413802.html?cu=true&utm_source=kong&utm_medium=tuiguang&utm_campaign=t_1000762869_&utm_term=2a50cf79fca145779077bd65527affc6,https://img12.360buyimg.com/n1/s450x450_jfs/t1/163821/22/39474/115821/65186acbF82af2dd7/b60ded683fc184a4.jpg
['华为（HUAWEI）'],[' 华为P60 '],['骁龙8系列 4G'],['50-79W'],['IP68'],['OLED曲面屏'],未知,https://item.jd.com/100054651297.html?cu=true&utm_source=kong&utm_medium=tuiguang&utm_campaign=t_1000762869_&utm_term=6bf5698865554a0f98420d766b716d78,https://img12.360buyimg.com/n1/s450x450_jfs/t1/227219/18/761/99812/6535f583F8a317452/5b56f557c8e63cf6.jpg
['努比亚（nubia）'],[' 努比亚Z50 '],['骁龙8 Gen2'],['80-119W'],['生活防水'],['OLED曲面屏'],未知,https://item.jd.com/100040572220.html?cu=true&utm_source=kong&utm_medium=tuiguang&utm_campaign=t_1000762869_&utm_term=c281171547dd414599add1f986a79fab,https://img10.360buyimg.com/n1/s450x450_jfs/t1/163887/1/38600/48602/6520af4fF0ef978a0/f4816fe1ce39536d.jpg
['荣耀（HONOR）'],[' 荣耀80 GT '],['骁龙8+ Gen1'],['50-79W'],['不支持防水'],['OLED直屏'],未知,https://item.jd.com/100040866876.html?cu=true&utm_source=kong&utm_medium=tuiguang&utm_campaign=t_1000762869_&utm_term=4753a737a9fd445d8481f0a33a218d7b,https://img11.360buyimg.com/n1/s450x450_jfs/t1/234651/27/467/68256/65352796F2f435716/dadd50614874f2bd.jpg
['OPPO'],[' OPPO Find X6 '],['天玑9200'],['80-119W'],['IPX4'],['OLED曲面屏'],['屏幕指纹，屏幕高刷新率，光学防抖拍照，高倍率变焦，潜望式长焦，防水防尘，NFC，红外遥控'],https://item.jd.com/100046131136.html?cu=true&utm_source=kong&utm_medium=tuiguang&utm_campaign=t_1000762869_&utm_term=7faad99b5528448195f0c1297215cb11,https://img11.360buyimg.com/n1/s450x450_jfs/t1/233594/5/535/67487/65364fe2Ff1bbce60/7504fc13bf4069df.jpg
['小米（MI）'],[' Redmi K60 至尊版 '],['天玑9200+'],['120-150W'],['IP68'],['OLED直屏'],['屏幕指纹，高频PWM调光，NFC，红外遥控'],https://item.jd.com/100061869632.html?cu=true&utm_source=kong&utm_medium=tuiguang&utm_campaign=t_1000762869_&utm_term=80101eea56244756b9aa61059a6038d5,https://img12.360buyimg.com/n1/s450x450_jfs/t1/226231/26/855/67436/65369bfbF5e78e793/77fddcef28504848.jpg
['小米（MI）'],[' 小米12S Pro '],['骁龙8+ Gen1'],['120-150W'],['不支持防水'],['OLED曲面屏'],未知,https://item.jd.com/100027789697.html?cu=true&utm_source=kong&utm_medium=tuiguang&utm_campaign=t_1000762869_&utm_term=6b385127349c46c19ff4cd951409d8b1,https://img12.360buyimg.com/n1/s450x450_jfs/t1/19237/15/17515/125075/62c2b412E8a402019/827e073c69bf4016.jpg
['vivo'],[' iQOO 11S '],['骁龙8 Gen2'],['151-200W'],['生活防水'],['OLED直屏'],['E6材质，屏幕指纹，屏幕高刷新率，NFC'],https://item.jd.com/100055626080.html?cu=true&utm_source=kong&utm_medium=tuiguang&utm_campaign=t_1000762869_&utm_term=0f457163ef1d46a083dcba19ccdfeaf4,https://img10.360buyimg.com/n1/s450x450_jfs/t1/114413/19/42450/104973/65351d12F2eff9076/c1a4abdf016fd795.jpg
['华为（HUAWEI）'],[' 华为Mate 50 '],['未公布'],['50-79W'],['IP68'],['OLED直屏'],未知,https://item.jd.com/100037199917.html?cu=true&utm_source=kong&utm_medium=tuiguang&utm_campaign=t_1000762869_&utm_term=86bd8b565dc949d9827506de7c9ebaee,https://img12.360buyimg.com/n1/s450x450_jfs/t1/192947/26/40655/93708/6534cf4cF9d68a94e/fe0859af4fe4193b.jpg
['华为（HUAWEI）'],[' 华为nova 11 '],['骁龙778G'],['50-79W'],['不支持防水'],['OLED直屏'],['屏幕指纹，屏幕高刷新率，NFC'],https://item.jd.com/100049696240.html?cu=true&utm_source=kong&utm_medium=tuiguang&utm_campaign=t_1000762869_&utm_term=469cbf9e500542d48f75b6b0690c67d8,https://img10.360buyimg.com/n1/s450x450_jfs/t1/112923/16/36334/88727/6535fa1eFff344b73/b7a5b19c42d8a953.jpg
['一加'],[' 一加Ace 2 '],['骁龙8+ Gen1'],['80-119W'],['IPX4'],['OLED曲面屏'],['屏幕指纹，屏幕高刷新率，防水防尘，NFC，红外遥控，大底主摄'],https://item.jd.com/100042508892.html?cu=true&utm_source=kong&utm_medium=tuiguang&utm_campaign=t_1000762869_&utm_term=7b5dfd9543694054bb06118482980b99,https://img12.360buyimg.com/n1/s450x450_jfs/t1/238383/4/593/76498/6539e944Fde6d0ffb/93f9cb872d8d9649.jpg
['一加'],[' 一加Ace Pro '],['骁龙8+ Gen1'],['120-150W'],['IPX4'],['OLED直屏'],['屏幕指纹，5G，屏幕高刷新率，防水防尘，NFC'],https://item.jd.com/100044619380.html?cu=true&utm_source=kong&utm_medium=tuiguang&utm_campaign=t_1000762869_&utm_term=32896bd14b824533ad4c6694b28942d8,https://img10.360buyimg.com/n1/s450x450_jfs/t1/142857/21/28692/264660/62ecd193E577fc9fd/c3c38aab8d35e5db.jpg
['vivo'],[' iQOO Neo7 SE '],['天玑8200'],['120-150W'],['不支持防水'],['OLED直屏'],未知,https://item.jd.com/100048172463.html?cu=true&utm_source=kong&utm_medium=tuiguang&utm_campaign=t_1000762869_&utm_term=983b8e6b4677455cabe09d98774e9afa,https://img13.360buyimg.com/n1/s450x450_jfs/t1/229348/22/512/68149/6535e8a4Fdb19caa6/2a0212711687a653.jpg
['小米（MI）'],[' Redmi Note 11T Pro+ '],['天玑8100'],['120-150W'],['生活防水'],['LCD'],未知,https://item.jd.com/100023150137.html?cu=true&utm_source=kong&utm_medium=tuiguang&utm_campaign=t_1000762869_&utm_term=11b3662424a04044a80185c62d4ba067,https://img12.360buyimg.com/n1/s450x450_jfs/t1/28483/9/16800/68572/628cb2e9Ef114c674/5fbe663735f63657.jpg
['OPPO'],[' OPPO Reno9 Pro+ 5G '],['骁龙8+ Gen1'],['80-119W'],['生活防水'],['OLED曲面屏'],['屏幕指纹，NFC'],https://item.jd.com/100047126821.html?cu=true&utm_source=kong&utm_medium=tuiguang&utm_campaign=t_1000762869_&utm_term=ad1944adc8e34a458db149e6de19e2f9,https://img11.360buyimg.com/n1/s450x450_jfs/t1/97032/34/33664/54617/637ecd14Ebde3126c/b17f81ac4dd63d16.jpg
['vivo'],[' iQOO Neo8 '],['骁龙8+ Gen1'],['120-150W'],['IP53'],['OLED直屏'],['屏幕指纹，屏幕高刷新率，光学防抖拍照，NFC'],https://item.jd.com/100051092880.html?cu=true&utm_source=kong&utm_medium=tuiguang&utm_campaign=t_1000762869_&utm_term=f0487bed6cd44acf93b4c69469a12d67,https://img10.360buyimg.com/n1/s450x450_jfs/t1/181882/33/38903/75470/65378ca7F6e64c45d/321b9d4f3bf040a3.jpg
['vivo'],[' iQOO Z7 '],['骁龙782G'],['120-150W'],['不支持防水'],['LCD'],未知,https://item.jd.com/100045503730.html?cu=true&utm_source=kong&utm_medium=tuiguang&utm_campaign=t_1000762869_&utm_term=44f7606be52241cf82b4863b08604c34,https://img10.360buyimg.com/n1/s450x450_jfs/t1/123509/38/40474/68003/65361898F3ed19b75/f2f0b97cfe27d633.jpg
['小米（MI）'],[' Redmi Note12T Pro '],['天玑8200-Ultra'],['50-79W'],['IP53'],['LCD'],未知,https://item.jd.com/100058934613.html?cu=true&utm_source=kong&utm_medium=tuiguang&utm_campaign=t_1000762869_&utm_term=034a37e4ae164a46a72b8aa462ca9491,https://img13.360buyimg.com/n1/s450x450_jfs/t1/232298/16/174/83780/65308703F967ad310/c9b87751dc44e9f3.jpg
['努比亚（nubia）'],[' 红魔8S Pro '],['骁龙8 Gen2 领先版'],['80-119W'],['生活防水'],['OLED直屏'],['屏幕高刷新率'],https://item.jd.com/100061689359.html?cu=true&utm_source=kong&utm_medium=tuiguang&utm_campaign=t_1000762869_&utm_term=c9da36b3a6414dacb21929b3ef7d2459,https://img14.360buyimg.com/n1/s450x450_jfs/t1/108912/12/47169/78788/653b32a6Fdb92e859/0b3d31771ddacd09.jpg
['小米（MI）'],[' Redmi K60 '],['天玑9200+'],['120-150W'],['IP68'],['OLED直屏'],['屏幕指纹，高频PWM调光，NFC，红外遥控'],https://item.jd.com/100061869632.html?cu=true&utm_source=kong&utm_medium=tuiguang&utm_campaign=t_1000762869_&utm_term=1e6c672a96304f2ba61d7d2ceda970d2,https://img12.360buyimg.com/n1/s450x450_jfs/t1/226231/26/855/67436/65369bfbF5e78e793/77fddcef28504848.jpg
['小米（MI）'],[' Redmi Note 11T Pro '],['天玑8100'],['50-79W'],['生活防水'],['LCD'],未知,https://item.jd.com/100064518146.html?cu=true&utm_source=kong&utm_medium=tuiguang&utm_campaign=t_1000762869_&utm_term=9b3a43a1e2294bd5bb569a42adaa8e32,https://img11.360buyimg.com/n1/s450x450_jfs/t1/90805/21/42621/47189/648f1eaaF795258f9/e4b15c1ec398ec20.jpg
['vivo'],[' iQOO Neo8 Pro '],['天玑9200+'],['120-150W'],['IP53'],['OLED直屏'],['屏幕指纹，屏幕高刷新率，光学防抖拍照，NFC'],https://item.jd.com/100051092840.html?cu=true&utm_source=kong&utm_medium=tuiguang&utm_campaign=t_1000762869_&utm_term=9d53b71aa13446ddb04c712faee3a8a7,https://img10.360buyimg.com/n1/s450x450_jfs/t1/236925/20/585/77231/65379955F334c5de0/2d8207fa9a976fa5.jpg
['荣耀（HONOR）'],[' 荣耀Magic5 '],['骁龙8 Gen2'],['50-79W'],[],['OLED曲面屏'],['屏幕指纹，屏幕高刷新率，高倍率变焦，NFC，红外遥控，大底主摄'],https://item.jd.com/100045099822.html?cu=true&utm_source=kong&utm_medium=tuiguang&utm_campaign=t_1000762869_&utm_term=e72b813174f2475885988abd7f6f771b,https://img12.360buyimg.com/n1/s450x450_jfs/t1/222936/18/29616/89711/6538cf36F8e6b0397/9c40b4aa67d34c2e.jpg
['一加'],[' 一加Ace 竞速版 '],['天玑8100-MAX'],['50-79W'],['生活防水'],['LCD'],['屏幕高刷新率，防水防尘，NFC'],https://item.jd.com/100022199561.html?cu=true&utm_source=kong&utm_medium=tuiguang&utm_campaign=t_1000762869_&utm_term=537fff50b9e44f13a7b756887c7b64cf,https://img11.360buyimg.com/n1/s450x450_jfs/t1/232471/24/527/68461/6536504aF7aef50cf/e83c0f2222f9719f.jpg
['真我（realme）'],[' realme GT Neo5 (150W) '],['骁龙8+ Gen1'],['120-150W'],['生活防水'],['OLED直屏'],未知,https://item.jd.com/100052502353.html?cu=true&utm_source=kong&utm_medium=tuiguang&utm_campaign=t_1000762869_&utm_term=1f45f30ef83c4f05859e1b23d8110cb7,https://img13.360buyimg.com/n1/s450x450_jfs/t1/187731/25/40426/48204/6532b1bdF19d434e9/583cd5045e350deb.jpg
['荣耀（HONOR）'],[' 荣耀80 Pro '],['骁龙8+ Gen1'],['50-79W'],['不支持防水'],['OLED直屏'],未知,https://item.jd.com/100051639045.html?cu=true&utm_source=kong&utm_medium=tuiguang&utm_campaign=t_1000762869_&utm_term=9ea4cf32f1e8429e889294ee08dac892,https://img10.360buyimg.com/n1/s450x450_jfs/t1/220687/7/13535/58223/63b58bdfF6531a539/52cad29877359f82.jpg
['小米（MI）'],[' 小米Civi 3 '],['天玑8200-Ultra'],['50-79W'],['IP53'],['OLED曲面屏'],未知,https://item.jd.com/100052684910.html?cu=true&utm_source=kong&utm_medium=tuiguang&utm_campaign=t_1000762869_&utm_term=fd3f4d83657c4ebda0cb5e14ab5f5fc8,https://img10.360buyimg.com/n1/s450x450_jfs/t1/233209/2/197/68592/6530d648Fb31a7527/d432edf85770546a.jpg
['OPPO'],[' OPPO Reno10 Pro+ 5G '],['骁龙8+ Gen1'],['80-119W'],['IPX4'],['OLED曲面屏'],未知,https://item.jd.com/100052125032.html?cu=true&utm_source=kong&utm_medium=tuiguang&utm_campaign=t_1000762869_&utm_term=fca07a3e53ec4dbfbbfbfff46d4f8d4b,https://img12.360buyimg.com/n1/s450x450_jfs/t1/159338/12/40363/76225/6534c0c1F71f3b416/1e47fd846fe99a7b.jpg
['一加'],[' 一加Ace 2V '],['天玑9000'],['80-119W'],['IPX4'],['OLED直屏'],['屏幕指纹，屏幕高刷新率，防水防尘，NFC，红外遥控，大底主摄'],https://item.jd.com/100053251673.html?cu=true&utm_source=kong&utm_medium=tuiguang&utm_campaign=t_1000762869_&utm_term=f60b393312a54efe8585d3c4da3d2dae,https://img13.360buyimg.com/n1/s450x450_jfs/t1/132090/4/40594/66657/6537b33dF71348a38/0faf0c97ea78c691.jpg
['真我（realme）'],[' realme GT Neo5 SE '],['骁龙7+ Gen2'],['80-119W'],['生活防水'],['OLED直屏'],未知,https://item.jd.com/100055829051.html?cu=true&utm_source=kong&utm_medium=tuiguang&utm_campaign=t_1000762869_&utm_term=1319889ee13e45cdb31c35160a7f059a,https://img11.360buyimg.com/n1/s450x450_jfs/t1/185365/12/40155/66772/6532b3d6F6bd3e917/e3fee62f4e3e6839.jpg
['荣耀（HONOR）'],[' 荣耀70 '],['骁龙778G+'],['50-79W'],['不支持防水'],['OLED曲面屏'],未知,https://item.jd.com/100023070501.html?cu=true&utm_source=kong&utm_medium=tuiguang&utm_campaign=t_1000762869_&utm_term=55d4162e40744066b64a86f19b94569b,https://img11.360buyimg.com/n1/s450x450_jfs/t1/128928/2/26322/49074/632873d4E0126386e/33882a86e930cde5.jpg
['小米（MI）'],[' Redmi K60E '],['天玑8200'],['50-79W'],['IP53'],['OLED直屏'],['屏幕高刷新率，光学防抖拍照，NFC，红外遥控'],https://item.jd.com/100051316897.html?cu=true&utm_source=kong&utm_medium=tuiguang&utm_campaign=t_1000762869_&utm_term=b84077905f0446699b053a3d45b4cb07,https://img12.360buyimg.com/n1/s450x450_jfs/t1/96266/15/36360/31056/63aab37aFb96e223c/6e0da71c8ddd4368.jpg
['vivo'],[' iQOO Neo7 '],['天玑8200'],['120-150W'],['不支持防水'],['OLED直屏'],未知,https://item.jd.com/100048172463.html?cu=true&utm_source=kong&utm_medium=tuiguang&utm_campaign=t_1000762869_&utm_term=3425b0260b59413db33a9a177acf4177,https://img13.360buyimg.com/n1/s450x450_jfs/t1/229348/22/512/68149/6535e8a4Fdb19caa6/2a0212711687a653.jpg
['华为（HUAWEI）'],[' 华为nova 10 '],['骁龙778G'],['50-79W'],['不支持防水'],['OLED曲面屏'],未知,https://item.jd.com/100027028269.html?cu=true&utm_source=kong&utm_medium=tuiguang&utm_campaign=t_1000762869_&utm_term=14a63ddd5b804936b71934965799f1eb,https://img14.360buyimg.com/n1/s450x450_jfs/t1/188028/32/35637/35279/64c715d0Fe7233b67/d365def0e7f4276c.jpg
['荣耀（HONOR）'],[' 荣耀80 '],['骁龙782G'],['50-79W'],['不支持防水'],['OLED曲面屏'],未知,https://item.jd.com/100048275999.html?cu=true&utm_source=kong&utm_medium=tuiguang&utm_campaign=t_1000762869_&utm_term=8cdc1efd125245238a72e505d6fd8ddb,https://img14.360buyimg.com/n1/s450x450_jfs/t1/93274/3/45557/41973/6534fccbF31d3f937/97d959c8bfb55bdb.jpg
['荣耀（HONOR）'],[' 荣耀90 '],['骁龙7系列'],['50-79W'],['不支持防水'],['OLED曲面屏'],未知,https://item.jd.com/100052541468.html?cu=true&utm_source=kong&utm_medium=tuiguang&utm_campaign=t_1000762869_&utm_term=535c7d427c44462297d78ee43145e367,https://img13.360buyimg.com/n1/s450x450_jfs/t1/94601/9/42242/100671/6538ee4bF898b0f42/f393ec1278b5666e.jpg
['Apple'],['iPad Pro 6 (12.9-inch) '],[],[],[],[],未知,https://item.jd.com/100044025821.html?cu=true&utm_source=kong&utm_medium=tuiguang&utm_campaign=t_1000762869_&utm_term=8fab51e78cc640f7adf3be4e81b021d3,https://img11.360buyimg.com/n1/s450x450_jfs/t1/94807/20/44593/62754/6534ad5eFf277873d/11a374cc3ed6b6b0.jpg
['Apple'],['iPad Pro 4 (11-inch) '],[],[],[],[],未知,https://item.jd.com/100044025811.html?cu=true&utm_source=kong&utm_medium=tuiguang&utm_campaign=t_1000762869_&utm_term=02e614f7e0e9402f98bc4a9da5aa4b66,https://img11.360buyimg.com/n1/s450x450_jfs/t1/194242/21/40232/60055/6534aca8F84c4a8bd/8744ad7dde062df4.jpg
['Apple'],['iPad Pro 5 (12.9-inch) '],[],[],[],[],未知,https://item.jd.com/100044647717.html?cu=true&utm_source=kong&utm_medium=tuiguang&utm_campaign=t_1000762869_&utm_term=feb07b85a04448e888bc54ea889435b7,https://img12.360buyimg.com/n1/s450x450_jfs/t1/178799/39/39963/81280/6538b01fF393e7f15/a501a5abf98beb6f.jpg
['Apple'],['iPad Pro 3 (11-inch) '],[],[],[],[],未知,https://npcitem.jd.hk/100050728809.html?cu=true&utm_source=kong&utm_medium=tuiguang&utm_campaign=t_1000762869_&utm_term=970793b755dc46248c6890093a560d7e,https://img14.360buyimg.com/n1/jfs/t1/192801/15/40838/89402/653899b1F3e778677/f6025fa25ff3e623.jpg
['Apple'],['iPad Air 5 '],[],[],[],[],未知,https://item.jd.com/100019718235.html?cu=true&utm_source=kong&utm_medium=tuiguang&utm_campaign=t_1000762869_&utm_term=576417e70807438a9616245ea700b9f8,https://img10.360buyimg.com/n1/s450x450_jfs/t1/232581/35/436/29949/6534ab1aF3988542d/635d1638bee65271.jpg
['Apple'],['iPhone 15 Pro '],['A17 Pro'],['以官网信息为准'],['IP68'],['OLED直屏'],未知,https://item.jd.com/100068622733.html?cu=true&utm_source=kong&utm_medium=tuiguang&utm_campaign=t_1000762869_&utm_term=6920ec455c384b5cbc454132861e5a56,https://img13.360buyimg.com/n1/s450x450_jfs/t1/97619/11/40150/44142/650d6c00Fca77d46d/f2c844d0f3d2ad6a.jpg
['Apple'],['iPhone 15 Pro Max '],['A17 Pro'],['以官网信息为准'],['IP68'],['OLED直屏'],未知,https://item.jd.com/100068620621.html?cu=true&utm_source=kong&utm_medium=tuiguang&utm_campaign=t_1000762869_&utm_term=dd158f720f0c422db0772cee895f7a29,https://img11.360buyimg.com/n1/s450x450_jfs/t1/175284/16/40646/53790/650d6ef5Fe8620d03/fbcc68374c95919f.jpg
['Apple'],['iPhone 14 Pro '],['A16'],['以官网信息为准'],['IP68'],['OLED直屏'],未知,https://item.jd.com/100038088881.html?cu=true&utm_source=kong&utm_medium=tuiguang&utm_campaign=t_1000762869_&utm_term=ba2bfd296f3a45f281af3549d2c0985c,https://img11.360buyimg.com/n1/s450x450_jfs/t1/134145/18/30627/17255/631920daE79ae9147/3ea1943f30f6ec36.jpg
['Apple'],['iPhone 14 Pro Max '],['A16'],['以官网信息为准'],['IP68'],['OLED直屏'],未知,https://item.jd.com/100038089153.html?cu=true&utm_source=kong&utm_medium=tuiguang&utm_campaign=t_1000762869_&utm_term=e98ce84bfad4450e8798e4314b50a4ae,https://img13.360buyimg.com/n1/s450x450_jfs/t1/107136/12/18303/18249/631919b4Ee80641d3/9fee50260dbe61a3.jpg
['Apple'],['iPhone 15 Plus '],['A16'],['以官网信息为准'],['IP68'],['OLED直屏'],未知,https://item.jd.com/100068622753.html?cu=true&utm_source=kong&utm_medium=tuiguang&utm_campaign=t_1000762869_&utm_term=77338afc722041f380a23aa867edd541,https://img13.360buyimg.com/n1/s450x450_jfs/t1/95722/12/43014/36124/650d660cF7c1551ce/06f86312c7cd46fe.jpg
['Apple'],['iPhone 15 '],['A16'],['以官网信息为准'],['IP68'],['OLED直屏'],未知,https://item.jd.com/100066896214.html?cu=true&utm_source=kong&utm_medium=tuiguang&utm_campaign=t_1000762869_&utm_term=f4997b03759c41d2ace88ad9b1a6ce0b,https://img14.360buyimg.com/n1/s450x450_jfs/t1/99824/19/42675/41050/6538ea34Fac47412e/a61f9cbbc9439194.jpg
['Apple'],['iPhone 14 Plus '],['A15'],['以官网信息为准'],['IP68'],['OLED直屏'],未知,https://item.jd.com/100038089449.html?cu=true&utm_source=kong&utm_medium=tuiguang&utm_campaign=t_1000762869_&utm_term=d9ff65280ae44b7cbb5eee31d0b050a6,https://img14.360buyimg.com/n1/s450x450_jfs/t1/34729/33/17764/20186/631917a1Ef100b0db/68eb3817df9ff027.jpg
['Apple'],['iPhone 14 '],['A15'],['25W及以下'],['IP68'],['OLED直屏'],未知,https://item.jd.com/100038089157.html?cu=true&utm_source=kong&utm_medium=tuiguang&utm_campaign=t_1000762869_&utm_term=8e29ea2e15a043dd8073f1341709085e,https://img12.360buyimg.com/n1/s450x450_jfs/t1/202735/25/26604/18502/63192446E6a9d84ae/8b09a7cebb0e5391.jpg
['Apple'],['iPhone 13 Pro '],['A17 Pro'],['以官网信息为准'],['IP68'],['OLED直屏'],未知,https://item.jd.com/100068622733.html?cu=true&utm_source=kong&utm_medium=tuiguang&utm_campaign=t_1000762869_&utm_term=64a0c85d15bf488b8742c36ce3e13aa8,https://img13.360buyimg.com/n1/s450x450_jfs/t1/97619/11/40150/44142/650d6c00Fca77d46d/f2c844d0f3d2ad6a.jpg
['Apple'],['iPhone 13 Pro Max '],['A17 Pro'],['以官网信息为准'],['IP68'],['OLED直屏'],未知,https://item.jd.com/100068620621.html?cu=true&utm_source=kong&utm_medium=tuiguang&utm_campaign=t_1000762869_&utm_term=87d8fa8f63204010beb1c317400e3262,https://img11.360buyimg.com/n1/s450x450_jfs/t1/175284/16/40646/53790/650d6ef5Fe8620d03/fbcc68374c95919f.jpg
['Apple'],['iPad mini 6 '],[],[],[],[],未知,https://item.jd.com/100014352497.html?cu=true&utm_source=kong&utm_medium=tuiguang&utm_campaign=t_1000762869_&utm_term=cd9e31cc63f844f18a61d51c23b6e285,https://img12.360buyimg.com/n1/s450x450_jfs/t1/238363/20/343/37911/6534ae0cF11b25815/bcddbaf672826b8b.jpg
['Apple'],['iPhone 13 '],['A15'],['以官网信息为准'],['IP68'],['OLED直屏'],未知,https://item.jd.com/100026809200.html?cu=true&utm_source=kong&utm_medium=tuiguang&utm_campaign=t_1000762869_&utm_term=d6cf26d3ef464bffa9c9873eb8475379,https://img10.360buyimg.com/n1/s450x450_jfs/t1/86427/14/19271/36243/61411717E77fe56b3/6772d7b278344d28.jpg
['Apple'],['iPhone 13 mini '],[],[],[],[],未知,https://item.jd.com/100019801649.html?cu=true&utm_source=kong&utm_medium=tuiguang&utm_campaign=t_1000762869_&utm_term=22f2437a0de44ea1a1fc8789f57b8190,https://img14.360buyimg.com/n1/s450x450_jfs/t1/129490/20/24624/164937/622ab5dbEf7913b65/6a7758e60db86d67.jpg
['Apple'],['iPhone SE3 '],['A15'],['以官网信息为准'],['IP67'],['LCD'],未知,https://item.jd.com/100019718255.html?cu=true&utm_source=kong&utm_medium=tuiguang&utm_campaign=t_1000762869_&utm_term=ec9676f977f443b6a8c06a6449e096b6,https://img10.360buyimg.com/n1/s450x450_jfs/t1/99428/38/41262/18371/64ed4e71F111c8a3d/c1b0a8b131bb664a.jpg
['Apple'],['iPad Pro 3 (12.9-inch) '],[],[],[],[],未知,https://item.jd.com/100044647717.html?cu=true&utm_source=kong&utm_medium=tuiguang&utm_campaign=t_1000762869_&utm_term=c8259f3649904096960bd84cc49a2213,https://img12.360buyimg.com/n1/s450x450_jfs/t1/178799/39/39963/81280/6538b01fF393e7f15/a501a5abf98beb6f.jpg
['Apple'],['iPad Pro 4 (12.9-inch) '],[],[],[],[],未知,https://item.jd.com/100044647717.html?cu=true&utm_source=kong&utm_medium=tuiguang&utm_campaign=t_1000762869_&utm_term=be802afc28334267a3a09b0b878849ac,https://img12.360buyimg.com/n1/s450x450_jfs/t1/178799/39/39963/81280/6538b01fF393e7f15/a501a5abf98beb6f.jpg
['Apple'],['iPhone 12 Pro Max '],[],[],[],[],未知,https://item.jd.com/100016034372.html?cu=true&utm_source=kong&utm_medium=tuiguang&utm_campaign=t_1000762869_&utm_term=95aa51fcbe8a456786079d72a0dd0d73,https://img12.360buyimg.com/n1/s450x450_jfs/t1/122505/19/15070/68848/5f861494Ebe330db5/24bc162f493ec940.jpg
['Apple'],['iPad Air 4 '],[],[],[],[],未知,https://item.jd.com/100034710052.html?cu=true&utm_source=kong&utm_medium=tuiguang&utm_campaign=t_1000762869_&utm_term=ed3ccd372ac4441b861caca046b37444,https://img12.360buyimg.com/n1/s450x450_jfs/t1/125396/38/38395/25323/6534b838Fc75484e2/b6a5f3f85bd6bdf7.jpg
['Apple'],['iPad 10 '],[],[],[],[],未知,https://item.jd.com/100044025895.html?cu=true&utm_source=kong&utm_medium=tuiguang&utm_campaign=t_1000762869_&utm_term=5097883c42b64e54b00d0e6b5441eb69,https://img10.360buyimg.com/n1/s450x450_jfs/t1/101168/17/41317/30658/6534abeeFaaa2cd41/5030bb330d5ba756.jpg
['Apple'],['iPad Pro 2 (11-inch) '],[],[],[],[],未知,https://item.jd.com/100044025811.html?cu=true&utm_source=kong&utm_medium=tuiguang&utm_campaign=t_1000762869_&utm_term=6c1ec2ca92f34e5eb1b6825a21340515,https://img11.360buyimg.com/n1/s450x450_jfs/t1/194242/21/40232/60055/6534aca8F84c4a8bd/8744ad7dde062df4.jpg
['Apple'],['iPad Pro (11-inch) '],[],[],[],[],未知,https://item.jd.com/100044025811.html?cu=true&utm_source=kong&utm_medium=tuiguang&utm_campaign=t_1000762869_&utm_term=cb87aca7732349e996a61c33c53dff4c,https://img11.360buyimg.com/n1/s450x450_jfs/t1/194242/21/40232/60055/6534aca8F84c4a8bd/8744ad7dde062df4.jpg
['Apple'],['iPhone 12 Pro '],['A17 Pro'],['以官网信息为准'],['IP68'],['OLED直屏'],未知,https://item.jd.com/100068622733.html?cu=true&utm_source=kong&utm_medium=tuiguang&utm_campaign=t_1000762869_&utm_term=54cea9e820aa4481ae623fae2fcbe786,https://img13.360buyimg.com/n1/s450x450_jfs/t1/97619/11/40150/44142/650d6c00Fca77d46d/f2c844d0f3d2ad6a.jpg
['Apple'],['iPhone 12 '],['A16'],['以官网信息为准'],['IP68'],['OLED直屏'],未知,https://item.jd.com/100066896214.html?cu=true&utm_source=kong&utm_medium=tuiguang&utm_campaign=t_1000762869_&utm_term=bba678010f5943ef9ee8440abc65fa94,https://img14.360buyimg.com/n1/s450x450_jfs/t1/99824/19/42675/41050/6538ea34Fac47412e/a61f9cbbc9439194.jpg
['Apple'],['iPhone 12 mini '],['Apple A系列'],['以官网信息为准'],['IP68'],['OLED直屏'],未知,https://item.jd.com/100009077437.html?cu=true&utm_source=kong&utm_medium=tuiguang&utm_campaign=t_1000762869_&utm_term=c0ebbb8e8a9a4a4e90929c274e6c718a,https://img12.360buyimg.com/n1/s450x450_jfs/t1/96319/23/19365/153404/60afca82E35c7e35c/bbb16661dc37abdd.jpg
['Apple'],['iPad 9 '],[],[],[],[],未知,https://item.jd.com/100026667924.html?cu=true&utm_source=kong&utm_medium=tuiguang&utm_campaign=t_1000762869_&utm_term=b4807bd89922400282bdf2a035574b23,https://img14.360buyimg.com/n1/s450x450_jfs/t1/235808/37/418/29160/6534ab68F016abd37/e309c4fd27935088.jpg
['Apple'],['iPhone 11 Pro Max '],['A17 Pro'],['以官网信息为准'],['IP68'],['OLED直屏'],未知,https://item.jd.com/100068620621.html?cu=true&utm_source=kong&utm_medium=tuiguang&utm_campaign=t_1000762869_&utm_term=451c8bc8269345f99bf77a7e34370da2,https://img11.360buyimg.com/n1/s450x450_jfs/t1/175284/16/40646/53790/650d6ef5Fe8620d03/fbcc68374c95919f.jpg
['Apple'],['iPhone 11 Pro '],['A17 Pro'],['以官网信息为准'],['IP68'],['OLED直屏'],未知,https://item.jd.com/100068622733.html?cu=true&utm_source=kong&utm_medium=tuiguang&utm_campaign=t_1000762869_&utm_term=df78766f7ac04e4691463206486ac9fe,https://img13.360buyimg.com/n1/s450x450_jfs/t1/97619/11/40150/44142/650d6c00Fca77d46d/f2c844d0f3d2ad6a.jpg
['Apple'],['iPhone 11 '],['A16'],['以官网信息为准'],['IP68'],['OLED直屏'],未知,https://item.jd.com/100066896214.html?cu=true&utm_source=kong&utm_medium=tuiguang&utm_campaign=t_1000762869_&utm_term=915d93544f894f80b1618ff11b70c7bd,https://img14.360buyimg.com/n1/s450x450_jfs/t1/99824/19/42675/41050/6538ea34Fac47412e/a61f9cbbc9439194.jpg
['Apple'],['iPad mini 5 '],[],[],[],[],未知,https://item.jd.com/100014440485.html?cu=true&utm_source=kong&utm_medium=tuiguang&utm_campaign=t_1000762869_&utm_term=74a89e694fe04815b302417061cdb3d8,https://img10.360buyimg.com/n1/s450x450_jfs/t1/111362/22/34190/46747/6497e792F0ca5203e/48938c967b78c121.jpg
['Apple'],['iPad 8 '],[],[],[],[],未知,https://item.jd.com/100044025895.html?cu=true&utm_source=kong&utm_medium=tuiguang&utm_campaign=t_1000762869_&utm_term=88894302fa9f4b1db5a3949cd1f7aeb2,https://img10.360buyimg.com/n1/s450x450_jfs/t1/101168/17/41317/30658/6534abeeFaaa2cd41/5030bb330d5ba756.jpg
['Apple'],['iPhone SE2 '],['A15'],['以官网信息为准'],['IP67'],['LCD'],未知,https://item.jd.com/100019718255.html?cu=true&utm_source=kong&utm_medium=tuiguang&utm_campaign=t_1000762869_&utm_term=3c13d4504852411c8db50d41cf5e8c7c,https://img10.360buyimg.com/n1/s450x450_jfs/t1/99428/38/41262/18371/64ed4e71F111c8a3d/c1b0a8b131bb664a.jpg
['Apple'],['iPad Pro 2 (12.9-inch) '],[],[],[],[],未知,https://item.jd.com/100044025821.html?cu=true&utm_source=kong&utm_medium=tuiguang&utm_campaign=t_1000762869_&utm_term=872f076cdb4d4c8b8c87bf793ff944cf,https://img11.360buyimg.com/n1/s450x450_jfs/t1/94807/20/44593/62754/6534ad5eFf277873d/11a374cc3ed6b6b0.jpg
['Apple'],['iPhone XS '],['A17 Pro'],['以官网信息为准'],['IP68'],['OLED直屏'],未知,https://item.jd.com/100068622733.html?cu=true&utm_source=kong&utm_medium=tuiguang&utm_campaign=t_1000762869_&utm_term=329eae46befc4ea680581c5eb372e0e7,https://img13.360buyimg.com/n1/s450x450_jfs/t1/97619/11/40150/44142/650d6c00Fca77d46d/f2c844d0f3d2ad6a.jpg
['Apple'],['iPhone XS Max '],['A17 Pro'],['以官网信息为准'],['IP68'],['OLED直屏'],未知,https://item.jd.com/100068620621.html?cu=true&utm_source=kong&utm_medium=tuiguang&utm_campaign=t_1000762869_&utm_term=4b9e3dad21c042f6bdc9b3c4106bb351,https://img11.360buyimg.com/n1/s450x450_jfs/t1/175284/16/40646/53790/650d6ef5Fe8620d03/fbcc68374c95919f.jpg
['Apple'],['iPhone XR '],['A16'],['以官网信息为准'],['IP68'],['OLED直屏'],未知,https://item.jd.com/100068622753.html?cu=true&utm_source=kong&utm_medium=tuiguang&utm_campaign=t_1000762869_&utm_term=29a54af3aaad451885412ec4275f2a72,https://img13.360buyimg.com/n1/s450x450_jfs/t1/95722/12/43014/36124/650d660cF7c1551ce/06f86312c7cd46fe.jpg
['Apple'],['iPad Pro 2 (10.5-inch) '],[],[],[],[],未知,https://item.jd.com/100044025811.html?cu=true&utm_source=kong&utm_medium=tuiguang&utm_campaign=t_1000762869_&utm_term=8c95bbb686b6404a9066953dc5fc3c19,https://img11.360buyimg.com/n1/s450x450_jfs/t1/194242/21/40232/60055/6534aca8F84c4a8bd/8744ad7dde062df4.jpg
['Apple'],['iPhone 8 '],['A16'],['以官网信息为准'],['IP68'],['OLED直屏'],未知,https://item.jd.com/100066896214.html?cu=true&utm_source=kong&utm_medium=tuiguang&utm_campaign=t_1000762869_&utm_term=85f70b1e84e949bea410ea3ee8f4032f,https://img14.360buyimg.com/n1/s450x450_jfs/t1/99824/19/42675/41050/6538ea34Fac47412e/a61f9cbbc9439194.jpg
['Apple'],['iPad 6 '],[],[],[],[],未知,https://item.jd.com/100044025895.html?cu=true&utm_source=kong&utm_medium=tuiguang&utm_campaign=t_1000762869_&utm_term=b80ffacf395c4a92b698c3fb8fa2dcc1,https://img10.360buyimg.com/n1/s450x450_jfs/t1/101168/17/41317/30658/6534abeeFaaa2cd41/5030bb330d5ba756.jpg
